district_name_en,district_lgd_code,block_name_en,block_name_ml,block_lgd_code,type,name_en,name_ml,lgd_code
Malappuram,562,Vengara,വേങ്ങര,6353,GRAM_PANCHAYAT,Abdul Rahiman Nagar,അബ്ദുറഹിമാൻ നഗർ,221590
Thrissur,566,Puzhakkal,പുഴക്കല്&zwj;,6399,GRAM_PANCHAYAT,Adat,അടാട്ട്,221887
Kollam,559,Ithikkara,ഇത്തിക്കര,6311,GRAM_PANCHAYAT,Adichanalloor,ആദിച്ചനല്ലൂർ,221323
Idukki,556,Adimaly,അടിമാലി,6286,GRAM_PANCHAYAT,Adimaly,അടിമാലി,221127
Palakkad,563,Attappadi,അട്ടപ്പാടി,6356,GRAM_PANCHAYAT,Agali,അഗളി,221615
Ernakulam,555,Vadavucode,വടവുകോട്,6283,GRAM_PANCHAYAT,Aikkaranad,ഐക്കരനാട്,221105
Kasaragod,558,Kanhangad,കാഞ്ഞങ്ങാട്,6303,GRAM_PANCHAYAT,Ajanoor,അജാനൂർ,221257
Kottayam,560,Pampady,പാമ്പാടി,6325,GRAM_PANCHAYAT,Akalakunnam,അകലക്കുന്നം,221410
Palakkad,563,Malampuzha,മലമ്പുഴ,6360,GRAM_PANCHAYAT,Akathethara,അകത്തേത്തറ,221636
Alappuzha,554,Chengannur,ചെങ്ങന്നൂർ,6264,GRAM_PANCHAYAT,Ala,ആല,220988
Thrissur,566,Kodakara,കൊടകര,6393,GRAM_PANCHAYAT,Alagappa Nagar,അളഗപ്പനഗർ,221853
Idukki,556,Elemdesam,ഇളംദേശം,6289,GRAM_PANCHAYAT,Alakkode,ആലക്കോട്,221143
Kannur,557,Taliparamba,തളിപ്പറമ്പ,6301,GRAM_PANCHAYAT,Alakode,ആലക്കോട്,221235
Malappuram,562,Perumpadappu,പെരുമ്പടപ്പ്,6348,GRAM_PANCHAYAT,Alamcode,ആലംകോട്,221561
Palakkad,563,Mannarkad,മണ്ണാർക്കാട്,6361,GRAM_PANCHAYAT,Alanallur,അലനല്ലൂർ,221644
Ernakulam,555,Alangad,ആലങ്ങാട്,6272,GRAM_PANCHAYAT,Alangad,ആലങ്ങാട്,221041
Kollam,559,Oachira,ഓച്ചിറ,6314,GRAM_PANCHAYAT,Alappad,ആലപ്പാട്,221328
Palakkad,563,Alathur,ആലത്തൂർ,6355,GRAM_PANCHAYAT,Alathur,ആലത്തൂർ,221606
Kollam,559,Anchal,അഞ്ചല്&zwj;,6307,GRAM_PANCHAYAT,Alayamon,അലയമണ്&zwj;,221295
Malappuram,562,Perinthalmanna,പെരിന്തൽമണ്ണ,6347,GRAM_PANCHAYAT,Aliparamba,ആലിപ്പറമ്പ,221554
Thrissur,566,Mala,മാള,6394,GRAM_PANCHAYAT,Alur,ആളൂര്&amp;amp;zwj;,221862
Malappuram,562,Kalikavu,കാളികാവ്,6881,GRAM_PANCHAYAT,Amarambalam,അമരമ്പലം,221544
Palakkad,563,Ottappalam,ഒറ്റപ്പാലം,6363,GRAM_PANCHAYAT,Ambalapara,അമ്പലപ്പാറ,221660
Alappuzha,554,Ambalappuzha,അമ്പലപ്പുഴ,6260,GRAM_PANCHAYAT,Ambalappuzha ( North ),അമ്പലപ്പുഴ വടക്ക്,220968
Alappuzha,554,Ambalappuzha,അമ്പലപ്പുഴ,6260,GRAM_PANCHAYAT,Ambalappuzha(South),അമ്പലപ്പുഴ തെക്ക്,220969
Wayanad,567,Sulthan Bathery,സുൽത്താൻബത്തേരി,6405,GRAM_PANCHAYAT,Ambalavayal,അമ്പലവയൽ,221929
Ernakulam,555,Mulanthuruthy,മുളന്തുരുത്തി,6277,GRAM_PANCHAYAT,Amballur,ആമ്പല്ലൂർ,221072
Thiruvananthapuram,565,Perumkadavila,പെരുങ്കടവിള,6383,GRAM_PANCHAYAT,Amboori,അമ്പൂരി,221793
Thiruvananthapuram,565,Nedumangad,നെടുമങ്ങാട്,6380,GRAM_PANCHAYAT,Anad,ആനാട്,221775
Palakkad,563,Trithala,തൃത്താല,6367,GRAM_PANCHAYAT,Anakkara,ആനക്കര,221690
Malappuram,562,Malappuram,മലപ്പുറം,6344,GRAM_PANCHAYAT,Anakkayam,ആനക്കയം,221530
Palakkad,563,Ottappalam,ഒറ്റപ്പാലം,6363,GRAM_PANCHAYAT,Ananganadi,അനങ്ങനടി,221661
Kollam,559,Anchal,അഞ്ചല്&zwj;,6307,GRAM_PANCHAYAT,Anchal,അഞ്ചല്&zwj;,221296
Kannur,557,Thalassery,തലശ്ശേരി,6302,GRAM_PANCHAYAT,Ancharakandy,അഞ്ചരക്കണ്ടി,221176
Thiruvananthapuram,565,Pothencode,പോത്തൻകോട്,6378,GRAM_PANCHAYAT,Andoorkonam,അണ്ടൂൂർക്കോണം,221763
Malappuram,562,Perinthalmanna,പെരിന്തൽമണ്ണ,6347,GRAM_PANCHAYAT,Angadipuram,അങ്ങാടിപ്പുറം,221535
Pathanamthitta,564,Mallappally,മല്ലപ്പള്ളി,6371,GRAM_PANCHAYAT,Anicadu,ആനിക്കാട്,221720
Thiruvananthapuram,565,Chirayinkeezhu,ചിറയിന്&zwj;കീഴ്,6377,GRAM_PANCHAYAT,Anjuthengu,അഞ്ചുതെങ്ങ്,221756
Thrissur,566,Mala,മാള,6394,GRAM_PANCHAYAT,Annamanada,അന്നമനട,221863
Thrissur,566,Anthikkad,അന്തിക്കാട്,6387,GRAM_PANCHAYAT,Anthicad,അന്തിക്കാട്,221824
Idukki,556,Idukki,ഇടുക്കി,6290,GRAM_PANCHAYAT,Arakulam,അറക്കുളം,221150
Ernakulam,555,Muvattupuzha,മുവ്വാറ്റുപുഴ,6278,GRAM_PANCHAYAT,Arakuzha,ആരക്കുഴ,221077
Kannur,557,Iritty,ഇരിട്ടി,6296,GRAM_PANCHAYAT,Aralam,ആറളം,221195
Pathanamthitta,564,Pandlam,പന്തളം,6372,GRAM_PANCHAYAT,Aranmula,ആറന്മുള,221717
Alappuzha,554,Muthukulam,മുതുകുളം,6268,GRAM_PANCHAYAT,Arattupuzha,ആറാട്ടുപുഴ,221015
Malappuram,562,Areakode,അരീക്കോട്,6341,GRAM_PANCHAYAT,Areekode,അരീക്കോട്,221509
Kollam,559,Anchal,അഞ്ചല്&zwj;,6307,GRAM_PANCHAYAT,Ariencavu,ആര്യങ്കാവ്,221297
Kozhikode,561,Panthalayani,പന്തലായനി,6336,GRAM_PANCHAYAT,Arikulam,അരിക്കുളം,221484
Thrissur,566,Anthikkad,അന്തിക്കാട്,6387,GRAM_PANCHAYAT,Arimpoor,അരിമ്പൂർ,221888
Alappuzha,554,Thycattussery,തൈക്കാട്ടുശ്ശേരി,6270,GRAM_PANCHAYAT,Arookutty,അരൂക്കുറ്റി,221030
Alappuzha,554,Pattanakkad,പട്ടണക്കാട്,6269,GRAM_PANCHAYAT,Aroor,അരൂർ,221022
Kottayam,560,Ettumanoor,ഏറ്റുമാനൂർ,6319,GRAM_PANCHAYAT,Arpookara,ആർപ്പൂക്കര,221373
Pathanamthitta,564,Konni,കോന്നി,6370,GRAM_PANCHAYAT,Aruvapulam,അരുവാപ്പുലം,221710
Thiruvananthapuram,565,Nedumangad,നെടുമങ്ങാട്,6380,GRAM_PANCHAYAT,Aruvikkara,അരുവിക്കര,221776
Alappuzha,554,Aryad,ആര്യാട്,6261,GRAM_PANCHAYAT,Aryad,ആര്യാട്,220973
Thiruvananthapuram,565,Vellanad,വെള്ളനാട്,6386,GRAM_PANCHAYAT,Aryanad,ആര്യനാട്,221816
Thiruvananthapuram,565,Perumkadavila,പെരുങ്കടവിള,6383,GRAM_PANCHAYAT,Aryancode,ആര്യങ്കോട്,221794
Ernakulam,555,Koovappady,കൂവപ്പടി,6275,GRAM_PANCHAYAT,Asamannoor,അശമന്നൂർ,221056
Malappuram,562,Kuttippuram,കുറ്റിപ്പുറം,6343,GRAM_PANCHAYAT,Athavanad,ആതവനാട്,221524
Kottayam,560,Ettumanoor,ഏറ്റുമാനൂർ,6319,GRAM_PANCHAYAT,Athirampuzha,അതിരമ്പുഴ,221374
Thrissur,566,Chalakkudy,ചാലക്കുടി,6388,GRAM_PANCHAYAT,Athirappally,അതിരപ്പള്ളി,221828
Thiruvananthapuram,565,Athiyannoor,അതിയന്നൂര്&zwj;,6376,GRAM_PANCHAYAT,Athiyannoor,അതിയന്നൂർ,221751
Kozhikode,561,Panthalayani,പന്തലായനി,6336,GRAM_PANCHAYAT,Atholi,അത്തോളി,221435
Thrissur,566,Puzhakkal,പുഴക്കല്&zwj;,6399,GRAM_PANCHAYAT,Avanur,അവണൂർ,221889
Thrissur,566,Cherpu,ചേര്&zwj;പ്പ്,6390,GRAM_PANCHAYAT,Avinissery,ആവിണിശ്ശേരി,221839
Ernakulam,555,Muvattupuzha,മുവ്വാറ്റുപുഴ,6278,GRAM_PANCHAYAT,Avoly,ആവോലി,221078
Kozhikode,561,Thodannur,തോടന്നൂർ,6338,GRAM_PANCHAYAT,Ayancheri,ആയഞ്ചേരി,221495
Kottayam,560,Pallom,പള്ളം,6324,GRAM_PANCHAYAT,Ayarkkunnam,അയർകുന്നം,221403
Ernakulam,555,Muvattupuzha,മുവ്വാറ്റുപുഴ,6278,GRAM_PANCHAYAT,Ayavana,ആയവന,221079
Palakkad,563,Nemmara,നെൻമാറ,6362,GRAM_PANCHAYAT,Ayiloor,അയിലൂർ,221654
Pathanamthitta,564,Koipuram,കോയിപ്പുറം,6369,GRAM_PANCHAYAT,Ayiroor,അയിരൂർ,221704
Kottayam,560,Ettumanoor,ഏറ്റുമാനൂർ,6319,GRAM_PANCHAYAT,Aymanam,അയ്മനം,221372
Ernakulam,555,Angamali,അങ്കമാലി,6273,GRAM_PANCHAYAT,Ayyampuzha,അയ്യമ്പുഴ,221045
Kannur,557,Iritty,ഇരിട്ടി,6296,GRAM_PANCHAYAT,Ayyankunnu,അയ്യന്&zwj;കുന്ന്,221196
Idukki,556,Kattappana,കട്ടപ്പന,6291,GRAM_PANCHAYAT,Ayyappancoil,അയ്യപ്പന്&zwj; കോവില്&zwj;,221156
Kannur,557,Kannur,കണ്ണൂർ,6297,GRAM_PANCHAYAT,Azhikode,അഴീക്കോട്,221202
Kozhikode,561,Vadakara,വടകര,6340,GRAM_PANCHAYAT,Azhiyur,അഴിയൂർ,221505
Thiruvananthapuram,565,Pothencode,പോത്തൻകോട്,6378,GRAM_PANCHAYAT,Azhoor,അഴൂർ,221757
Kasaragod,558,Kasargod,കാസര്&zwj;ഗോഡ്,6304,GRAM_PANCHAYAT,Badiyadka,ബദിയഡുക്ക,221275
Kasaragod,558,Parappa,പരപ്പ,6885,GRAM_PANCHAYAT,Balal,ബളാൽ,221258
Thiruvananthapuram,565,Nemom,നേമം,6381,GRAM_PANCHAYAT,Balaramapuram,ബാലരാമപുരം,221780
Kozhikode,561,Balusseri,ബാലുശ്ശേരി,6329,GRAM_PANCHAYAT,Balusseri,ബാലുശ്ശേരി,221436
Kasaragod,558,Karadka,കാറഡുക്ക,6886,GRAM_PANCHAYAT,Bedaduka,ബേഡഡുക്ക,221266
Kasaragod,558,Karadka,കാറഡുക്ക,6886,GRAM_PANCHAYAT,Belloor,ബെള്ളൂർ,221276
Kottayam,560,Lalam,ളാലം,6322,GRAM_PANCHAYAT,Bharananganam,ഭരണങ്ങാനം,221390
Alappuzha,554,Bharanicavu,ഭരണിക്കാവ്,6262,GRAM_PANCHAYAT,Bharanikkavu,ഭരണിക്കാവ്,220976
Idukki,556,Adimaly,അടിമാലി,6286,GRAM_PANCHAYAT,Bisonvalley,ബൈസൺവാലി,221125
Alappuzha,554,Chengannur,ചെങ്ങന്നൂർ,6264,GRAM_PANCHAYAT,Budhannoor,ബുധനൂർ,220989
Kollam,559,Chadayamangalam,ചടയമംഗലം,6308,GRAM_PANCHAYAT,Chadayamangalam,ചടയമംഗലം,221305
Kozhikode,561,Perambra,പേരാമ്പ്ര,6337,GRAM_PANCHAYAT,Chakittapara,ചക്കിട്ടപ്പാറ,221488
Idukki,556,Kattappana,കട്ടപ്പന,6291,GRAM_PANCHAYAT,Chakkupallam,ചക്കുപള്ളം,221157
Palakkad,563,Ottappalam,ഒറ്റപ്പാലം,6363,GRAM_PANCHAYAT,Chalavara,ചളവറ,221662
Palakkad,563,Trithala,തൃത്താല,6367,GRAM_PANCHAYAT,Chalisseri,ചാലിശ്ശേരി,221691
Malappuram,562,Nilambur,നിലമ്പൂർ,6346,GRAM_PANCHAYAT,Chaliyar,ചാലിയാർ,221545
Alappuzha,554,Champakulam,ചമ്പക്കുളം,6263,GRAM_PANCHAYAT,Champakkulam,ചമ്പക്കുളം,220982
Kozhikode,561,Perambra,പേരാമ്പ്ര,6337,GRAM_PANCHAYAT,Changaroth,ചങ്ങരോത്ത്,221489
Kannur,557,Taliparamba,തളിപ്പറമ്പ,6301,GRAM_PANCHAYAT,Chapparapadavu,ചപ്പാരപ്പടവ്,221236
Kozhikode,561,Kunnamangalam,കുന്ദമംഗലം,6333,GRAM_PANCHAYAT,Chathamangalam,ചാത്തമംഗലം,221461
Kollam,559,Ithikkara,ഇത്തിക്കര,6311,GRAM_PANCHAYAT,Chathannur,ചാത്തന്നൂർ,221324
Kollam,559,Chavara,ചവറ,6309,GRAM_PANCHAYAT,Chavara,ചവറ,221312
Thrissur,566,Anthikkad,അന്തിക്കാട്,6387,GRAM_PANCHAYAT,Chazhoor,ചാഴൂർ,221825
Kozhikode,561,Thuneri,തുണേരി,6339,GRAM_PANCHAYAT,Chekkiad,ചെക്യാട്,221499
Malappuram,562,Areakode,അരീക്കോട്,6341,GRAM_PANCHAYAT,Chekkode,ചീക്കോട്,221510
Thrissur,566,Pazhayannur,പഴയന്നൂര്&zwj;,6398,GRAM_PANCHAYAT,Chelakkara,ചേലക്കര,221881
Malappuram,562,Kondotty,കൊണ്ടോട്ടി,6342,GRAM_PANCHAYAT,Chelambra,ചേലേമ്പ്ര,221516
Kozhikode,561,Chelannur,ചേളന്നൂര്&zwj;,6330,GRAM_PANCHAYAT,Chelannur,ചേളന്നൂർ,221443
Ernakulam,555,Palluruthy,പള്ളുരുത്തി,6279,GRAM_PANCHAYAT,Chellanam,ചെല്ലാനം,221085
Kozhikode,561,Panthalayani,പന്തലായനി,6336,GRAM_PANCHAYAT,Chemanachery,ചേമഞ്ചേരി,221485
Kannur,557,Edakkad,എടക്കാട്,6294,GRAM_PANCHAYAT,Chembilode,ചെമ്പിലോട്,221178
Thiruvananthapuram,565,Varkala,വര്&zwj;ക്കല,6385,GRAM_PANCHAYAT,Chemmaruthy,ചെമ്മരുതി,221809
Kasaragod,558,Kasargod,കാസര്&zwj;ഗോഡ്,6304,GRAM_PANCHAYAT,Chemnad,ചെമ്മനാട്,221267
Kottayam,560,Vaikom,വൈക്കം,6327,GRAM_PANCHAYAT,Chempu,ചെമ്പ്,221424
Ernakulam,555,Paravur,പറവൂർ,6282,GRAM_PANCHAYAT,Chendamangalam,ചേന്ദമംഗലം,221100
Kasaragod,558,Kasargod,കാസര്&zwj;ഗോഡ്,6304,GRAM_PANCHAYAT,Chengala,ചെങ്കള,221268
Kannur,557,Taliparamba,തളിപ്പറമ്പ,6301,GRAM_PANCHAYAT,Chengalai,ചെങ്ങളായി,221237
Ernakulam,555,Parakkadav,പാറക്കടവ്,6281,GRAM_PANCHAYAT,Chengamanad,ചെങ്ങമനാട്,221095
Kozhikode,561,Panthalayani,പന്തലായനി,6336,GRAM_PANCHAYAT,Chengottukavu,ചേങ്ങോട്ടുകാവ്,221486
Thiruvananthapuram,565,Parassala,പാറശ്ശാല,6382,GRAM_PANCHAYAT,Chenkal,ചെങ്കൽ,221787
Alappuzha,554,Thycattussery,തൈക്കാട്ടുശ്ശേരി,6270,GRAM_PANCHAYAT,Chennampalippuram,ചേന്നംപള്ളിപ്പുറം,221031
Pathanamthitta,564,Elanthoor,എലന്തൂര്&zwj;,6368,GRAM_PANCHAYAT,Chenneerkara,ചെന്നീർക്കര,221697
Alappuzha,554,Mavelikkara,മാവേലിക്കര,6267,GRAM_PANCHAYAT,Chennithala Thriperumthara,ചെന്നിത്തലതൃപ്പെരുന്തുറ,221011
Alappuzha,554,Muthukulam,മുതുകുളം,6268,GRAM_PANCHAYAT,Cheppad,ചേപ്പാട്,221016
Ernakulam,555,Edappally,ഇടപ്പള്ലി,6274,GRAM_PANCHAYAT,Cheranallur,ചേരാനല്ലൂർ,221054
Malappuram,562,Tanur,താനൂർ,6350,GRAM_PANCHAYAT,Cheriyamundam,ചെറിയമുണ്ടം,221569
Alappuzha,554,Chengannur,ചെങ്ങന്നൂർ,6264,GRAM_PANCHAYAT,Cheriyanad,ചെറിയനാട്,220990
Thrissur,566,Cherpu,ചേര്&zwj;പ്പ്,6390,GRAM_PANCHAYAT,Cherpu,ചേർപ്പ്,221840
Alappuzha,554,Kanjikkuzhy,കഞ്ഞിക്കുഴി,6266,GRAM_PANCHAYAT,Cherthala South,ചേര്&zwj;ത്തല തെക്ക്,221006
Malappuram,562,Kondotty,കൊണ്ടോട്ടി,6342,GRAM_PANCHAYAT,Cherukavu,ചെറുകാവ്,221517
Pathanamthitta,564,Elanthoor,എലന്തൂര്&zwj;,6368,GRAM_PANCHAYAT,Cherukole,ചെറുകോൽ,221698
Kannur,557,Kalliasseri,കല്ല്യാശ്ശേരി,6884,GRAM_PANCHAYAT,Cherukunnu,ചെറുകുന്ന്,221238
Thiruvananthapuram,565,Varkala,വര്&zwj;ക്കല,6385,GRAM_PANCHAYAT,Cherunniyoor,ചെറുന്നിയൂര്&zwj;,221810
Kannur,557,Payyannur,പയ്യന്നൂര്&zwj;,6299,GRAM_PANCHAYAT,Cherupuzha,ചെറുപുഴ,221216
Alappuzha,554,Harippad,ഹരിപ്പാട്,6265,GRAM_PANCHAYAT,Cheruthana,ചെറുതന,220997
Kannur,557,Kalliasseri,കല്ല്യാശ്ശേരി,6884,GRAM_PANCHAYAT,Cheruthazham,ചെറുതാഴം,221217
Kozhikode,561,Perambra,പേരാമ്പ്ര,6337,GRAM_PANCHAYAT,Cheruvannur,ചെറുവണ്ണൂർ,221490
Kasaragod,558,Nileshwar,നീലേശ്വര്&zwj;,6306,GRAM_PANCHAYAT,Cheruvathur,ചെറുവത്തൂർ,221286
Alappuzha,554,Mavelikkara,മാവേലിക്കര,6267,GRAM_PANCHAYAT,Chettikulangara,ചെട്ടികുളങ്ങര,221012
Alappuzha,554,Muthukulam,മുതുകുളം,6268,GRAM_PANCHAYAT,Chingoli,ചിങ്ങോലി,220998
Idukki,556,Devikulam,ദേവികുളം,6288,GRAM_PANCHAYAT,Chinnakanal,ചിന്നക്കനാൽ,221136
Kottayam,560,Vazhoor,വാഴൂർ,6328,GRAM_PANCHAYAT,Chirakkadavu,ചിറക്കടവ്,221430
Kannur,557,Kannur,കണ്ണൂർ,6297,GRAM_PANCHAYAT,Chirakkal,ചിറക്കല്&zwj;,221203
Kollam,559,Ithikkara,ഇത്തിക്കര,6311,GRAM_PANCHAYAT,Chirakkara,ചിറക്കര,244116
Thiruvananthapuram,565,Chirayinkeezhu,ചിറയിന്&zwj;കീഴ്,6377,GRAM_PANCHAYAT,Chirayinkeezhu,ചിറയിൻകീഴ്,221758
Kollam,559,Chadayamangalam,ചടയമംഗലം,6308,GRAM_PANCHAYAT,Chithara,ചിതറ,221306
Pathanamthitta,564,Ranni,റാന്നി,6375,GRAM_PANCHAYAT,Chittar,ചിറ്റാര്&zwj;,221742
Kannur,557,Kuthuparamba,കൂത്തുപറമ്പ,6298,GRAM_PANCHAYAT,Chittariparamba,ചിറ്റാരിപ്പറമ്പ,221207
Ernakulam,555,Paravur,പറവൂർ,6282,GRAM_PANCHAYAT,Chittattukara,ചിറ്റാറ്റുകര,221101
Malappuram,562,Kalikavu,കാളികാവ്,6881,GRAM_PANCHAYAT,Chokkad,ചോക്കാട്,221546
Kannur,557,Panoor,പാനൂര്&zwj;,6883,GRAM_PANCHAYAT,Chokli,ചൊക്ളി,221248
Thrissur,566,Chowannur,ചൊവ്വന്നൂര്&zwj;,6391,GRAM_PANCHAYAT,Choondal,ചൂണ്ടല്&zwj;,221843
Ernakulam,555,Vazhakkulam,വാഴക്കുളം,6284,GRAM_PANCHAYAT,Choornikkara,ചൂർണ്ണിക്കര,221111
Kozhikode,561,Vadakara,വടകര,6340,GRAM_PANCHAYAT,Chorode,ചോറോട്,221506
Ernakulam,555,Mulanthuruthy,മുളന്തുരുത്തി,6277,GRAM_PANCHAYAT,Chottanikkara,ചോറ്റാനിക്കര,221073
Thrissur,566,Chowannur,ചൊവ്വന്നൂര്&zwj;,6391,GRAM_PANCHAYAT,Chowwannur,ചൊവ്വന്നൂര്&zwj;,221844
Alappuzha,554,Bharanicavu,ഭരണിക്കാവ്,6262,GRAM_PANCHAYAT,Chunakkara,ചുനക്കര,220977
Malappuram,562,Nilambur,നിലമ്പൂർ,6346,GRAM_PANCHAYAT,Chungathara,ചുങ്കത്തറ,221547
Kollam,559,Oachira,ഓച്ചിറ,6314,GRAM_PANCHAYAT,Clappana,ക്ലാപ്പന,221341
Kasaragod,558,Karadka,കാറഡുക്ക,6886,GRAM_PANCHAYAT,Delampady,ദേലംപാടി,221269
Thrissur,566,Wadakkanchery,വടക്കാഞ്ചേരി,6402,GRAM_PANCHAYAT,Desamangalam,ദേശമംഗലം,221903
Idukki,556,Devikulam,ദേവികുളം,6288,GRAM_PANCHAYAT,Devikulam,ദേവികുളം,238327
Alappuzha,554,Muthukulam,മുതുകുളം,6268,GRAM_PANCHAYAT,Devikulangara,ദേവികുളങ്ങര,221017
Kannur,557,Thalassery,തലശ്ശേരി,6302,GRAM_PANCHAYAT,Dharmadam,ധര്&zwj;മ്മടം,221249
Kasaragod,558,Parappa,പരപ്പ,6885,GRAM_PANCHAYAT,East Eleri,ഈസ്റ്റ് എളേരി,221287
Kozhikode,561,Thuneri,തുണേരി,6339,GRAM_PANCHAYAT,Edacheri,എടച്ചേരി,221500
Malappuram,562,Nilambur,നിലമ്പൂർ,6346,GRAM_PANCHAYAT,Edakkara,എടക്കര,221548
Ernakulam,555,Mulanthuruthy,മുളന്തുരുത്തി,6277,GRAM_PANCHAYAT,Edakkattuvayal,എടയ്ക്കാട്ടുവയൽ,221074
Idukki,556,Devikulam,ദേവികുളം,6288,GRAM_PANCHAYAT,Edamalakkudy,ഇടമലക്കുടി,276898
Kollam,559,Anchal,അഞ്ചല്&zwj;,6307,GRAM_PANCHAYAT,Edamulakkal,ഇടമുളയ്ക്കല്&zwj;,221298
Malappuram,562,Ponnani,പൊന്നാനി,6349,GRAM_PANCHAYAT,Edappal,എടപ്പാൾ,221566
Malappuram,562,Kalikavu,കാളികാവ്,6881,GRAM_PANCHAYAT,Edappatta,എടപ്പറ്റ,221555
Malappuram,562,Vengara,വേങ്ങര,6353,GRAM_PANCHAYAT,Edarikode,എടരിക്കോട്,221591
Ernakulam,555,Vazhakkulam,വാഴക്കുളം,6284,GRAM_PANCHAYAT,Edathala,എടത്തല,221112
Thrissur,566,Mathilakam,മതിലകം,6395,GRAM_PANCHAYAT,Edathiruthy,എടത്തിരുത്തി,221867
Alappuzha,554,Champakulam,ചമ്പക്കുളം,6263,GRAM_PANCHAYAT,Edathua,എടത്വ,220983
Thiruvananthapuram,565,Varkala,വര്&zwj;ക്കല,6385,GRAM_PANCHAYAT,Edava,ഇടവ,221811
Wayanad,567,Mananthavady,മാനന്തവാടി,6404,GRAM_PANCHAYAT,Edavaka,എടവക,221922
Ernakulam,555,Vypeen,വൈപ്പിൻ,6285,GRAM_PANCHAYAT,Edavanakkad,എടവനക്കാട്,221117
Malappuram,562,Areakode,അരീക്കോട്,6341,GRAM_PANCHAYAT,Edavanna,എടവണ്ണ,221597
Idukki,556,Thodupuzha,തൊടുപുഴ,6293,GRAM_PANCHAYAT,Edavetty,ഇടവെട്ടി,221170
Thrissur,566,Mathilakam,മതിലകം,6395,GRAM_PANCHAYAT,Edavilangu,എടവിലങ്ങ്,221860
Malappuram,562,Kuttippuram,കുറ്റിപ്പുറം,6343,GRAM_PANCHAYAT,Edayoor,എടയൂർ,221525
Thiruvananthapuram,565,Varkala,വര്&zwj;ക്കല,6385,GRAM_PANCHAYAT,Elakamon,ഇലകമണ്&zwj;,221812
Kollam,559,Chadayamangalam,ചടയമംഗലം,6308,GRAM_PANCHAYAT,Elamadu,ഇളമാട്,221307
Kollam,559,Mukhathala,മുഖത്തല,6313,GRAM_PANCHAYAT,Elamballur,ഇളംപള്ളൂർ,221337
Malappuram,562,Perinthalmanna,പെരിന്തൽമണ്ണ,6347,GRAM_PANCHAYAT,Elamkulam,ഏലംകുളം,221556
Ernakulam,555,Edappally,ഇടപ്പള്ലി,6274,GRAM_PANCHAYAT,Elamkunnapuzha,എളങ്കുന്നപ്പുഴ,221118
Ernakulam,555,Pampakuda,പാമ്പാക്കുട,6280,GRAM_PANCHAYAT,Elanji,ഇലഞ്ഞി,221087
Pathanamthitta,564,Elanthoor,എലന്തൂര്&zwj;,6368,GRAM_PANCHAYAT,Elanthoor,ഇലന്തൂർ,221699
Idukki,556,Azhutha,അഴുത,6287,GRAM_PANCHAYAT,Elappara,ഏലപ്പാറ,221130
Palakkad,563,Chittur,ചിറ്റൂർ,6357,GRAM_PANCHAYAT,Elappully,എലപ്പുള്ളി,221637
Thrissur,566,Mullassery,മുല്ലശ്ശേരി,6396,GRAM_PANCHAYAT,Elavally,എളവള്ളി,221872
Palakkad,563,Nemmara,നെൻമാറ,6362,GRAM_PANCHAYAT,Elavancherry,എലവഞ്ചേരി,221655
Kottayam,560,Pampady,പാമ്പാടി,6325,GRAM_PANCHAYAT,Elikulam,എലിക്കുളം,221411
Pathanamthitta,564,Parakode,പറക്കോട്,6373,GRAM_PANCHAYAT,Enadimangalam,ഏനാദിമംഗലം,221730
Thrissur,566,Thalikkulam,തളിക്കുളം,6400,GRAM_PANCHAYAT,Engandiyur,ഏങ്ങണ്ടിയൂർ,221893
Kasaragod,558,Manjeshwar,മഞ്ചേശ്വര്&zwj;,6305,GRAM_PANCHAYAT,Enmakaje,എന്&zwj;മകജെ,221277
Kozhikode,561,Vadakara,വടകര,6340,GRAM_PANCHAYAT,Eramala,ഏറാമല,221507
Kannur,557,Payyannur,പയ്യന്നൂര്&zwj;,6299,GRAM_PANCHAYAT,Eramam -Kuttoor,എരമം കുറ്റൂര്&zwj;,221218
Kannur,557,Thalassery,തലശ്ശേരി,6302,GRAM_PANCHAYAT,Eranholi,എരഞ്ഞോളി,221250
Pathanamthitta,564,Parakode,പറക്കോട്,6373,GRAM_PANCHAYAT,Erathu,ഏറത്ത്,221731
Idukki,556,Kattappana,കട്ടപ്പന,6291,GRAM_PANCHAYAT,Erattayar,ഇരട്ടയാര്&zwj;,221158
Pathanamthitta,564,Koipuram,കോയിപ്പുറം,6369,GRAM_PANCHAYAT,Eraviperoor,ഇരവിപേരൂർ,221705
Palakkad,563,Alathur,ആലത്തൂർ,6355,GRAM_PANCHAYAT,Erimayur,എരിമയൂർ,221607
Thrissur,566,Mathilakam,മതിലകം,6395,GRAM_PANCHAYAT,Eriyad,എറിയാട്,221861
Kollam,559,Anchal,അഞ്ചല്&zwj;,6307,GRAM_PANCHAYAT,Eroor,ഏരൂര്&zwj;,221299
Thrissur,566,Wadakkanchery,വടക്കാഞ്ചേരി,6402,GRAM_PANCHAYAT,Erumapetty,എരുമപ്പെട്ടി,221904
Kottayam,560,Kanjirappally,കാഞ്ഞിരപ്പള്ലി,6321,GRAM_PANCHAYAT,Erumeli,എരുമേലി,221384
Palakkad,563,Chittur,ചിറ്റൂർ,6357,GRAM_PANCHAYAT,Eruthampathy,എരുത്തേമ്പതി,221618
Kannur,557,Irikkur,ഇരിക്കൂര്&zwj;,6295,GRAM_PANCHAYAT,Eruvessey,എരുവേശ്ശി,221185
Pathanamthitta,564,Parakode,പറക്കോട്,6373,GRAM_PANCHAYAT,Ezhamkulam,ഏഴംകുളം,221732
Ernakulam,555,Paravur,പറവൂർ,6282,GRAM_PANCHAYAT,Ezhikkara,ഏഴിക്കര,221102
Kannur,557,Kalliasseri,കല്ല്യാശ്ശേരി,6884,GRAM_PANCHAYAT,Ezhome,ഏഴോം,221219
Kollam,559,Kottarakkara,കൊട്ടാരക്കര,6312,GRAM_PANCHAYAT,Ezhukone,എഴുകോൺ,221331
Pathanamthitta,564,Koipuram,കോയിപ്പുറം,6369,GRAM_PANCHAYAT,Ezhumattoor,എഴുമറ്റൂർ,221706
Alappuzha,554,Pattanakkad,പട്ടണക്കാട്,6269,GRAM_PANCHAYAT,Ezhupunna,എഴുപുന്ന,221023
Idukki,556,Idukki,ഇടുക്കി,6290,GRAM_PANCHAYAT,Idukki - Kanjikuzhy,ഇടുക്കി കഞ്ഞിക്കുഴി,221151
Kannur,557,Irikkur,ഇരിക്കൂര്&zwj;,6295,GRAM_PANCHAYAT,Irikkur,ഇരിക്കൂർ,221186
Malappuram,562,Kuttippuram,കുറ്റിപ്പുറം,6343,GRAM_PANCHAYAT,Irimbilayam,ഇരിമ്പിളിയം,221526
Kollam,559,Chadayamangalam,ചടയമംഗലം,6308,GRAM_PANCHAYAT,Ittiva,ഇട്ടിവ,221308
Kollam,559,Chadayamangalam,ചടയമംഗലം,6308,GRAM_PANCHAYAT,Kadakkal,കടയ്ക്കൽ,221309
Alappuzha,554,Kanjikkuzhy,കഞ്ഞിക്കുഴി,6266,GRAM_PANCHAYAT,Kadakkarappally,കടക്കരപ്പള്ളി,221024
Thiruvananthapuram,565,Chirayinkeezhu,ചിറയിന്&zwj;കീഴ്,6377,GRAM_PANCHAYAT,Kadakkavoor,കടക്കാവൂര്&zwj;,221759
Kozhikode,561,Kozhikode,കോഴിക്കോട്,6332,GRAM_PANCHAYAT,Kadalundi,കടലുണ്ടി,221458
Ernakulam,555,Edappally,ഇടപ്പള്ലി,6274,GRAM_PANCHAYAT,Kadamakkudy,കടമക്കുടി,221055
Kannur,557,Edakkad,എടക്കാട്,6294,GRAM_PANCHAYAT,Kadamboor,കടമ്പൂർ,221181
Pathanamthitta,564,Parakode,പറക്കോട്,6373,GRAM_PANCHAYAT,Kadampanadu,കടമ്പനാട്,221733
Palakkad,563,Sreekrishnapuram,ശ്രീകൃഷ്ണപുരം,6366,GRAM_PANCHAYAT,Kadampazhipuram,കടമ്പഴിപ്പുറം,221684
Kottayam,560,Lalam,ളാലം,6322,GRAM_PANCHAYAT,Kadanad,കടനാട്,221391
Thrissur,566,Chowannur,ചൊവ്വന്നൂര്&zwj;,6391,GRAM_PANCHAYAT,Kadangode,കടങ്ങോട്,221905
Kannur,557,Taliparamba,തളിപ്പറമ്പ,6301,GRAM_PANCHAYAT,Kadannapally -Panapuzha,കടന്നപ്പള്ളി പാണപ്പുഴ,221220
Kottayam,560,Uzhavoor,ഉഴവൂർ,6326,GRAM_PANCHAYAT,Kadaplamattom,കടപ്ലാമറ്റം,221416
Thrissur,566,Chavakkad,ചാവക്കാട്,6389,GRAM_PANCHAYAT,Kadappuram,കടപ്പുറം,221834
Pathanamthitta,564,Pulikeezhu,പുളിക്കീഴ്,6374,GRAM_PANCHAYAT,Kadapra,കടപ്ര,221737
Thrissur,566,Chowannur,ചൊവ്വന്നൂര്&zwj;,6391,GRAM_PANCHAYAT,Kadavallur,കടവല്ലൂര്&zwj;,221845
Thiruvananthapuram,565,Pothencode,പോത്തൻകോട്,6378,GRAM_PANCHAYAT,Kadinamkulam,കഠിനംകുളം,221764
Kannur,557,Panoor,പാനൂര്&zwj;,6883,GRAM_PANCHAYAT,Kadirur,കതിരൂര്&zwj;,221251
Thrissur,566,Chalakkudy,ചാലക്കുടി,6388,GRAM_PANCHAYAT,Kadukutty,കാടുകുറ്റി,221829
Ernakulam,555,Alangad,ആലങ്ങാട്,6272,GRAM_PANCHAYAT,Kadungallur,കടുങ്ങല്ലൂർ,221043
Kottayam,560,Kaduthuruthy,കടുത്തുരുത്തി,6320,GRAM_PANCHAYAT,Kaduthuruthy,കടുത്തുരുത്തി,221377
Alappuzha,554,Champakulam,ചമ്പക്കുളം,6263,GRAM_PANCHAYAT,Kainakary,കൈനകരി,220984
Thrissur,566,Mathilakam,മതിലകം,6395,GRAM_PANCHAYAT,Kaipamangalam,കൈപ്പമംഗലം,221868
Thrissur,566,Puzhakkal,പുഴക്കല്&zwj;,6399,GRAM_PANCHAYAT,Kaiparamba,കൈപ്പറമ്പ്,221890
Kozhikode,561,Chelannur,ചേളന്നൂര്&zwj;,6330,GRAM_PANCHAYAT,Kakkodi,കക്കോടി,221444
Kozhikode,561,Chelannur,ചേളന്നൂര്&zwj;,6330,GRAM_PANCHAYAT,Kakkur,കാക്കൂർ,221445
Ernakulam,555,Angamali,അങ്കമാലി,6273,GRAM_PANCHAYAT,Kalady,കാലടി,221046
Malappuram,562,Ponnani,പൊന്നാനി,6349,GRAM_PANCHAYAT,Kalady,കാലടി,239030
Pathanamthitta,564,Parakode,പറക്കോട്,6373,GRAM_PANCHAYAT,Kalanjoor,കലഞ്ഞൂർ,221734
Malappuram,562,Kalikavu,കാളികാവ്,6881,GRAM_PANCHAYAT,Kalikavu,കാളികാവ്,221549
Kasaragod,558,Parappa,പരപ്പ,6885,GRAM_PANCHAYAT,Kallar,കള്ളാര്&zwj;,221259
Kottayam,560,Kaduthuruthy,കടുത്തുരുത്തി,6320,GRAM_PANCHAYAT,Kallara,കല്ലറ,221378
Thiruvananthapuram,565,Vamanapuram,വാമനപുരം,6384,GRAM_PANCHAYAT,Kallara,കല്ലറ,221801
Kannur,557,Kalliasseri,കല്ല്യാശ്ശേരി,6884,GRAM_PANCHAYAT,Kalliassery,കല്ല്യാശ്ശേരി,221239
Thiruvananthapuram,565,Perumkadavila,പെരുങ്കടവിള,6383,GRAM_PANCHAYAT,Kallikkadu,കള്ളിക്കാട്,221795
Thiruvananthapuram,565,Nemom,നേമം,6381,GRAM_PANCHAYAT,Kalliyoor,കല്ലിയൂർ,221781
Pathanamthitta,564,Mallappally,മല്ലപ്പള്ളി,6371,GRAM_PANCHAYAT,Kallooppara,കല്ലൂപ്പാറ,221721
Ernakulam,555,Muvattupuzha,മുവ്വാറ്റുപുഴ,6278,GRAM_PANCHAYAT,Kalloorkkad,കല്ലൂർക്കാട്,221080
Kollam,559,Ithikkara,ഇത്തിക്കര,6311,GRAM_PANCHAYAT,Kalluvathukkal,കല്ലുവാതുക്കൽ,221325
Malappuram,562,Kuttippuram,കുറ്റിപ്പുറം,6343,GRAM_PANCHAYAT,Kalpakancheri,കൽപകഞ്ചേരി,221570
Idukki,556,Idukki,ഇടുക്കി,6290,GRAM_PANCHAYAT,Kamakshy,കാമാക്ഷി,221152
Kottayam,560,Uzhavoor,ഉഴവൂർ,6326,GRAM_PANCHAYAT,Kanakkari,കാണക്കാരി,221417
Idukki,556,Kattappana,കട്ടപ്പന,6291,GRAM_PANCHAYAT,Kanchiyar,കാഞ്ചിയാര്&zwj;,221159
Alappuzha,554,Muthukulam,മുതുകുളം,6268,GRAM_PANCHAYAT,Kandalloor,കണ്ടല്ലൂർ,221018
Thrissur,566,Chowannur,ചൊവ്വന്നൂര്&zwj;,6391,GRAM_PANCHAYAT,Kandanassery,കണ്ടാണശ്ശേരി,221846
Kottayam,560,Vazhoor,വാഴൂർ,6328,GRAM_PANCHAYAT,Kangazha,കങ്ങഴ,221431
Wayanad,567,Panamaram,പനമരം,6882,GRAM_PANCHAYAT,Kaniambetta,കണിയാമ്പറ്റ,221912
Kannur,557,Peravoor,പേരാവൂര്&zwj;,6300,GRAM_PANCHAYAT,Kanichar,കണിച്ചാര്&zwj;,221228
Alappuzha,554,Kanjikkuzhy,കഞ്ഞിക്കുഴി,6266,GRAM_PANCHAYAT,Kanjikuzhi,കഞ്ഞിക്കുഴി,221007
Thiruvananthapuram,565,Athiyannoor,അതിയന്നൂര്&zwj;,6376,GRAM_PANCHAYAT,Kanjiramkulam,കാഞ്ഞിരംകുളം,221752
Palakkad,563,Mannarkad,മണ്ണാർക്കാട്,6361,GRAM_PANCHAYAT,Kanjirampuzha,കാഞ്ഞിരപുഴ,221645
Kottayam,560,Kanjirappally,കാഞ്ഞിരപ്പള്ലി,6321,GRAM_PANCHAYAT,Kanjirappally,കാഞ്ഞിരപ്പള്ളി,221385
Ernakulam,555,Angamali,അങ്കമാലി,6273,GRAM_PANCHAYAT,Kanjoor,കാഞ്ഞൂർ,221047
Kannur,557,Payyannur,പയ്യന്നൂര്&zwj;,6299,GRAM_PANCHAYAT,Kankole- Alapadamba,കാങ്കോല്&zwj;  ആലപ്പടമ്പ,221221
Palakkad,563,Kuzhalmannam,കുഴൽമന്ദം,6359,GRAM_PANCHAYAT,Kannadi,കണ്ണാടി,221629
Malappuram,562,Vengara,വേങ്ങര,6353,GRAM_PANCHAYAT,Kannamangalam,കണ്ണമംഗലം,221592
Palakkad,563,Alathur,ആലത്തൂർ,6355,GRAM_PANCHAYAT,Kannambara,കണ്ണമ്പ്ര,221608
Kannur,557,Kalliasseri,കല്ല്യാശ്ശേരി,6884,GRAM_PANCHAYAT,Kannapuram,കണ്ണപുരം,221240
Idukki,556,Devikulam,ദേവികുളം,6288,GRAM_PANCHAYAT,Kanthalloor,കാന്തല്ലൂർ,221137
Palakkad,563,Trithala,തൃത്താല,6367,GRAM_PANCHAYAT,Kappur,കപ്പൂർ,221692
Kasaragod,558,Karadka,കാറഡുക്ക,6886,GRAM_PANCHAYAT,Karadka,കാറഡുക്ക,221270
Thiruvananthapuram,565,Nedumangad,നെടുമങ്ങാട്,6380,GRAM_PANCHAYAT,Karakulam,കരകുളം,221777
Palakkad,563,Sreekrishnapuram,ശ്രീകൃഷ്ണപുരം,6366,GRAM_PANCHAYAT,Karakurissi,കാരാകുറുശ്ശി,221646
Thrissur,566,Irinjalakkuda,ഇരിങ്ങാലക്കുട,6392,GRAM_PANCHAYAT,Karalam,Karalam,221849
Kozhikode,561,Kunnamangalam,കുന്ദമംഗലം,6333,GRAM_PANCHAYAT,Karasseri,കാരശ്ശേരി,221462
Kollam,559,Anchal,അഞ്ചല്&zwj;,6307,GRAM_PANCHAYAT,Karavaloor,കരവാളൂര്&zwj;,221300
Thiruvananthapuram,565,Kilimanoor,കിളിമാനൂര്&zwj;,6379,GRAM_PANCHAYAT,Karavaram,കരവാരം,221767
Kollam,559,Kottarakkara,കൊട്ടാരക്കര,6312,GRAM_PANCHAYAT,Kareepra,കരീപ്ര,221332
Idukki,556,Elemdesam,ഇളംദേശം,6289,GRAM_PANCHAYAT,Karimannoor,കരിമണ്ണൂർ,221144
Palakkad,563,Mannarkad,മണ്ണാർക്കാട്,6361,GRAM_PANCHAYAT,Karimba,കരിമ്പ,221647
Idukki,556,Thodupuzha,തൊടുപുഴ,6293,GRAM_PANCHAYAT,Karimkunnam,കരിങ്കുന്നം,221171
Palakkad,563,Sreekrishnapuram,ശ്രീകൃഷ്ണപുരം,6366,GRAM_PANCHAYAT,Karimpuzha,കരിമ്പുഴ,221685
Kannur,557,Payyannur,പയ്യന്നൂര്&zwj;,6299,GRAM_PANCHAYAT,Karivellur -Peralam,കരിവെള്ളൂര്&zwj; പെരളം,221222
Thiruvananthapuram,565,Parassala,പാറശ്ശാല,6382,GRAM_PANCHAYAT,Karode,കാരോട്,221788
Kottayam,560,Lalam,ളാലം,6322,GRAM_PANCHAYAT,Karoor,കരൂർ,221392
Alappuzha,554,Harippad,ഹരിപ്പാട്,6265,GRAM_PANCHAYAT,Karthikappally,കാർത്തികപ്പള്ളി,221000
Kottayam,560,Vazhoor,വാഴൂർ,6328,GRAM_PANCHAYAT,Karukachal,കറുകച്ചാൽ,221396
Ernakulam,555,Angamali,അങ്കമാലി,6273,GRAM_PANCHAYAT,Karukutty,കറുകുറ്റി,221048
Malappuram,562,Kalikavu,കാളികാവ്,6881,GRAM_PANCHAYAT,Karulai,കരുളായ്,221550
Ernakulam,555,Alangad,ആലങ്ങാട്,6272,GRAM_PANCHAYAT,Karumalloor,കരുമാല്ലൂർ,221042
Thiruvananthapuram,565,Athiyannoor,അതിയന്നൂര്&zwj;,6376,GRAM_PANCHAYAT,Karumkulam,കരുംകുളം,221753
Idukki,556,Nedumkandom,നെടങ്കണ്ടം,6292,GRAM_PANCHAYAT,Karunapuram,കരുണാപുരം,221163
Malappuram,562,Kalikavu,കാളികാവ്,6881,GRAM_PANCHAYAT,Karuvarakundu,കരുവാരകുണ്ട്,221598
Alappuzha,554,Harippad,ഹരിപ്പാട്,6265,GRAM_PANCHAYAT,Karuvatta,കരുവാറ്റ,221001
Thrissur,566,Chowannur,ചൊവ്വന്നൂര്&zwj;,6391,GRAM_PANCHAYAT,Kattakampal,കാട്ടകാമ്പാല്&zwj;,221847
Thiruvananthapuram,565,Vellanad,വെള്ളനാട്,6386,GRAM_PANCHAYAT,Kattakkada,കാട്ടാക്കട,221817
Kozhikode,561,Koduvally,കൊടുവള്ളി,6331,GRAM_PANCHAYAT,Kattippara,കട്ടിപ്പാറ,235965
Thrissur,566,Irinjalakkuda,ഇരിങ്ങാലക്കുട,6392,GRAM_PANCHAYAT,Kattur,Kattur,221850
Alappuzha,554,Veliyanad,വെളിയനാട്,6271,GRAM_PANCHAYAT,Kavalam,കാവാലം,221035
Ernakulam,555,Kothamangalam,കോതമംഗലം,6276,GRAM_PANCHAYAT,Kavalangad,കവളങ്ങാട്,221062
Malappuram,562,Areakode,അരീക്കോട്,6341,GRAM_PANCHAYAT,Kavannur,കാവന്നൂർ,221511
Palakkad,563,Alathur,ആലത്തൂർ,6355,GRAM_PANCHAYAT,Kavasery,കാവശ്ശേരി,221609
Kozhikode,561,Kunnummal,കുന്നുമ്മൽ,6334,GRAM_PANCHAYAT,Kavilumpara,കാവിലുമ്പാറ,221471
Pathanamthitta,564,Mallappally,മല്ലപ്പള്ളി,6371,GRAM_PANCHAYAT,Kaviyoor,കവിയൂർ,221722
Kozhikode,561,Kunnummal,കുന്നുമ്മൽ,6334,GRAM_PANCHAYAT,Kayakkodi,കായക്കൊടി,221472
Kozhikode,561,Perambra,പേരാമ്പ്ര,6337,GRAM_PANCHAYAT,Kayanna,കായണ്ണ,221491
Kasaragod,558,Nileshwar,നീലേശ്വര്&zwj;,6306,GRAM_PANCHAYAT,Kayyur Cheemeni,കയ്യൂര്&zwj; ചീമേനി,221288
Ernakulam,555,Kothamangalam,കോതമംഗലം,6276,GRAM_PANCHAYAT,Keerampara,കീരംപാറ,221063
Kannur,557,Iritty,ഇരിട്ടി,6296,GRAM_PANCHAYAT,Keezhallur,കീഴല്ലൂര്&zwj;,221197
Kozhikode,561,Melday,മേലടി,6335,GRAM_PANCHAYAT,Keezhariyur,കീഴരിയൂർ,221479
Malappuram,562,Perinthalmanna,പെരിന്തൽമണ്ണ,6347,GRAM_PANCHAYAT,Keezhattur,കീഴാറ്റൂർ,221557
Ernakulam,555,Vazhakkulam,വാഴക്കുളം,6284,GRAM_PANCHAYAT,Keezhmad,കീഴ്മാട്,221113
Kannur,557,Peravoor,പേരാവൂര്&zwj;,6300,GRAM_PANCHAYAT,Kelakam,കേളകം,221229
Palakkad,563,Palakkad,പാലക്കാട്,6364,GRAM_PANCHAYAT,Keralassery,കേരളശ്ശേരി,221665
Kottayam,560,Pampady,പാമ്പാടി,6325,GRAM_PANCHAYAT,Kidangoor,കിടങ്ങൂര്&zwj;,221418
Thiruvananthapuram,565,Kilimanoor,കിളിമാനൂര്&zwj;,6379,GRAM_PANCHAYAT,Kilimanoor,കിളിമാനൂർ,221768
Kasaragod,558,Parappa,പരപ്പ,6885,GRAM_PANCHAYAT,Kinanoor Karindalam,കിനാനൂര്&zwj; കരിന്തളം,221289
Ernakulam,555,Vazhakkulam,വാഴക്കുളം,6284,GRAM_PANCHAYAT,Kizhakkambalam,കിഴക്കമ്പലം,221114
Palakkad,563,Alathur,ആലത്തൂർ,6355,GRAM_PANCHAYAT,Kizhakkancherry,കിഴക്കഞ്ചേരി,221610
Kollam,559,Chittumala,ചിറ്റുമല,6310,GRAM_PANCHAYAT,Kizhakkekallada,കിഴക്കേ കല്ലട,221317
Kozhikode,561,Koduvally,കൊടുവള്ളി,6331,GRAM_PANCHAYAT,Kizhakkoth,കിഴക്കോത്ത്,221449
Malappuram,562,Areakode,അരീക്കോട്,6341,GRAM_PANCHAYAT,Kizhuparamba,കീഴുപറമ്പ,221512
Thiruvananthapuram,565,Chirayinkeezhu,ചിറയിന്&zwj;കീഴ്,6377,GRAM_PANCHAYAT,Kizhuvilam,കീഴുവിലം,221760
Thrissur,566,Kodakara,കൊടകര,6393,GRAM_PANCHAYAT,Kodakara,കൊടകര,221854
Alappuzha,554,Pattanakkad,പട്ടണക്കാട്,6269,GRAM_PANCHAYAT,Kodamthuruthu,കോടംതുരുത്ത്,221025
Thrissur,566,Chalakkudy,ചാലക്കുടി,6388,GRAM_PANCHAYAT,Kodassery,കോടശ്ശേരി,221830
Kozhikode,561,Koduvally,കൊടുവള്ളി,6331,GRAM_PANCHAYAT,Kodencheri,കോടഞ്ചേരി,221463
Idukki,556,Elemdesam,ഇളംദേശം,6289,GRAM_PANCHAYAT,Kodikulam,കോടിക്കുളം,221145
Kozhikode,561,Kunnamangalam,കുന്ദമംഗലം,6333,GRAM_PANCHAYAT,Kodiyathur,കൊടിയത്തൂർ,221464
Kasaragod,558,Parappa,പരപ്പ,6885,GRAM_PANCHAYAT,Kodombellur,കോടോം ബേളൂർ,221260
Palakkad,563,Malampuzha,മലമ്പുഴ,6360,GRAM_PANCHAYAT,Kodumba,കൊടുമ്പ,221666
Pathanamthitta,564,Parakode,പറക്കോട്,6373,GRAM_PANCHAYAT,Kodumon,കൊടുമൺ,221735
Malappuram,562,Malappuram,മലപ്പുറം,6344,GRAM_PANCHAYAT,Kodur,കോഡൂർ,221536
Palakkad,563,Kollengode,കൊല്ലങ്കോട്,6358,GRAM_PANCHAYAT,Koduvayur,കൊടുവായൂർ,221624
Pathanamthitta,564,Koipuram,കോയിപ്പുറം,6369,GRAM_PANCHAYAT,Koipuram,കോയിപ്രം,221707
Idukki,556,Azhutha,അഴുത,6287,GRAM_PANCHAYAT,Kokkayar,കൊക്കയാർ,221131
Kannur,557,Edakkad,എടക്കാട്,6294,GRAM_PANCHAYAT,Kolacherry,കൊളച്ചേരി,221187
Kannur,557,Peravoor,പേരാവൂര്&zwj;,6300,GRAM_PANCHAYAT,Kolayad,കോളയാട്,221230
Thrissur,566,Puzhakkal,പുഴക്കല്&zwj;,6399,GRAM_PANCHAYAT,Kolazhy,കോലഴി,221876
Thiruvananthapuram,565,Perumkadavila,പെരുങ്കടവിള,6383,GRAM_PANCHAYAT,Kollayil,കൊല്ലയിൽ,221796
Palakkad,563,Kollengode,കൊല്ലങ്കോട്,6358,GRAM_PANCHAYAT,Kollengode,കൊല്ലങ്കോട്,221625
Thrissur,566,Pazhayannur,പഴയന്നൂര്&zwj;,6398,GRAM_PANCHAYAT,Kondazhy,കൊണ്ടാഴി,221882
Palakkad,563,Palakkad,പാലക്കാട്,6364,GRAM_PANCHAYAT,Kongad,കോങ്ങാട്,221667
Idukki,556,Adimaly,അടിമാലി,6286,GRAM_PANCHAYAT,Konnathady,കൊന്നത്തടി,221126
Pathanamthitta,564,Konni,കോന്നി,6370,GRAM_PANCHAYAT,Konni,കോന്നി,221711
Kannur,557,Iritty,ഇരിട്ടി,6296,GRAM_PANCHAYAT,Koodali,കൂടാളി,221199
Kozhikode,561,Koduvally,കൊടുവള്ളി,6331,GRAM_PANCHAYAT,Koodaranji,കൂടരഞ്ഞി,221451
Kozhikode,561,Balusseri,ബാലുശ്ശേരി,6329,GRAM_PANCHAYAT,Koorachundu,കൂരാച്ചുണ്ട്,221437
Kottayam,560,Pampady,പാമ്പാടി,6325,GRAM_PANCHAYAT,Kooroppada,കൂരോപ്പട,221412
Kozhikode,561,Perambra,പേരാമ്പ്ര,6337,GRAM_PANCHAYAT,Koothali,കൂത്താളി,221492
Kottayam,560,Kanjirappally,കാഞ്ഞിരപ്പള്ലി,6321,GRAM_PANCHAYAT,Koottickal,കൂട്ടിക്കൽ,221386
Malappuram,562,Mankada,മങ്കട,6345,GRAM_PANCHAYAT,Koottilangadi,കൂട്ടിലങ്ങാടി,221537
Ernakulam,555,Koovappady,കൂവപ്പടി,6275,GRAM_PANCHAYAT,Koovappady,കൂവപ്പടി,221057
Palakkad,563,Pattambi,പട്ടാമ്പി,6365,GRAM_PANCHAYAT,Koppam,കൊപ്പം,221673
Thrissur,566,Chalakkudy,ചാലക്കുടി,6388,GRAM_PANCHAYAT,Koratty,കൊരട്ടി,221831
Kottayam,560,Kanjirappally,കാഞ്ഞിരപ്പള്ലി,6321,GRAM_PANCHAYAT,Koruthode,കോരുത്തോട്,239035
Kollam,559,Mukhathala,മുഖത്തല,6313,GRAM_PANCHAYAT,Kottamkara,കൊറ്റങ്കര,221338
Pathanamthitta,564,Mallappally,മല്ലപ്പള്ളി,6371,GRAM_PANCHAYAT,Kottanadu,കൊറ്റനാട്,221723
Pathanamthitta,564,Mallappally,മല്ലപ്പള്ളി,6371,GRAM_PANCHAYAT,Kottangal,കോട്ടാങ്ങൽ,221724
Palakkad,563,Mannarkad,മണ്ണാർക്കാട്,6361,GRAM_PANCHAYAT,Kottappadam,കോട്ടപ്പാടം,221648
Ernakulam,555,Kothamangalam,കോതമംഗലം,6276,GRAM_PANCHAYAT,Kottappady,കോട്ടപ്പടി,221064
Wayanad,567,Kalpetta,കൽപ്പറ്റ,6403,GRAM_PANCHAYAT,Kottathara,കോട്ടത്തറ,221913
Kannur,557,Kuthuparamba,കൂത്തുപറമ്പ,6298,GRAM_PANCHAYAT,Kottayam,കോട്ടയം,221253
Palakkad,563,Kuzhalmannam,കുഴൽമന്ദം,6359,GRAM_PANCHAYAT,Kottayi,കോട്ടായി,221630
Kannur,557,Peravoor,പേരാവൂര്&zwj;,6300,GRAM_PANCHAYAT,Kottiyoor,കൊട്ടിയൂര്&zwj;,221231
Thiruvananthapuram,565,Athiyannoor,അതിയന്നൂര്&zwj;,6376,GRAM_PANCHAYAT,Kottukal,കോട്ടുകാൽ,221754
Kozhikode,561,Balusseri,ബാലുശ്ശേരി,6329,GRAM_PANCHAYAT,Kottur,കോട്ടൂർ,221438
Ernakulam,555,Paravur,പറവൂർ,6282,GRAM_PANCHAYAT,Kottuvally,കോട്ടുവള്ളി,221103
Pathanamthitta,564,Elanthoor,എലന്തൂര്&zwj;,6368,GRAM_PANCHAYAT,Kozhencherry,കോഴഞ്ചേരി,221700
Palakkad,563,Chittur,ചിറ്റൂർ,6357,GRAM_PANCHAYAT,Kozhinjampara,കൊഴിഞ്ഞാമ്പാറ,221619
Kottayam,560,Lalam,ളാലം,6322,GRAM_PANCHAYAT,Kozhuvanal,കൊഴുവനാൽ,221393
Alappuzha,554,Muthukulam,മുതുകുളം,6268,GRAM_PANCHAYAT,Krishnapuram,കൃഷ്ണപുരം,221019
Idukki,556,Elemdesam,ഇളംദേശം,6289,GRAM_PANCHAYAT,Kudayathoor,കുടയത്തൂർ,221146
Kollam,559,Vettikkavala,വെട്ടിക്കവല,6317,GRAM_PANCHAYAT,Kulakkada,കുളക്കട,221357
Pathanamthitta,564,Pandlam,പന്തളം,6372,GRAM_PANCHAYAT,Kulanada,കുളനട,221718
Kollam,559,Oachira,ഓച്ചിറ,6314,GRAM_PANCHAYAT,Kulasekharapuram,കുലശേഖരപുരം,221342
Thiruvananthapuram,565,Parassala,പാറശ്ശാല,6382,GRAM_PANCHAYAT,Kulathoor,കുളത്തൂർ,221789
Kollam,559,Anchal,അഞ്ചല്&zwj;,6307,GRAM_PANCHAYAT,Kulathupuzha,കുളത്തൂപ്പുഴ,221301
Palakkad,563,Pattambi,പട്ടാമ്പി,6365,GRAM_PANCHAYAT,Kulukkallur,കുലുക്കല്ലൂർ,221674
Idukki,556,Azhutha,അഴുത,6287,GRAM_PANCHAYAT,Kumaly,കുമിളി,221132
Kottayam,560,Ettumanoor,ഏറ്റുമാനൂർ,6319,GRAM_PANCHAYAT,Kumarakom,കുമരകം,221404
Idukki,556,Thodupuzha,തൊടുപുഴ,6293,GRAM_PANCHAYAT,Kumaramangalam,കുമാരമംഗലം,221172
Palakkad,563,Mannarkad,മണ്ണാർക്കാട്,6361,GRAM_PANCHAYAT,Kumaramputhur,കുമരം പുത്തൂർ,221649
Alappuzha,554,Harippad,ഹരിപ്പാട്,6265,GRAM_PANCHAYAT,Kumarapuram,കുമാരപുരം,221002
Kasaragod,558,Karadka,കാറഡുക്ക,6886,GRAM_PANCHAYAT,Kumbadaje,കുംബഡാജെ,221278
Kasaragod,558,Kasargod,കാസര്&zwj;ഗോഡ്,6304,GRAM_PANCHAYAT,Kumbala,കുമ്പള,221279
Ernakulam,555,Palluruthy,പള്ളുരുത്തി,6279,GRAM_PANCHAYAT,Kumbalam,കുമ്പളം,221124
Ernakulam,555,Palluruthy,പള്ളുരുത്തി,6279,GRAM_PANCHAYAT,Kumbalangy,കുമ്പളങ്ങി,221086
Kollam,559,Chadayamangalam,ചടയമംഗലം,6308,GRAM_PANCHAYAT,Kummil,കുമ്മിൾ,244115
Kollam,559,Chittumala,ചിറ്റുമല,6310,GRAM_PANCHAYAT,Kundara,കുണ്ടറ,221318
Kannur,557,Payyannur,പയ്യന്നൂര്&zwj;,6299,GRAM_PANCHAYAT,Kunhimangalam,കുഞ്ഞിമംഗലം,221223
Kozhikode,561,Kunnamangalam,കുന്ദമംഗലം,6333,GRAM_PANCHAYAT,Kunnamangalam,കുന്ദമംഗലം,221465
Pathanamthitta,564,Mallappally,മല്ലപ്പള്ളി,6371,GRAM_PANCHAYAT,Kunnathanam,കുന്നന്താനം,221725
Thiruvananthapuram,565,Perumkadavila,പെരുങ്കടവിള,6383,GRAM_PANCHAYAT,Kunnathukal,കുന്നത്തുകാൽ,221797
Ernakulam,555,Vadavucode,വടവുകോട്,6283,GRAM_PANCHAYAT,Kunnathunad,കുന്നത്തുനാട്,221106
Kannur,557,Kuthuparamba,കൂത്തുപറമ്പ,6298,GRAM_PANCHAYAT,Kunnathuparamba,കുന്നോത്തുപറമ്പ,221208
Kollam,559,Sasthamcottah,ശാസ്താംകോട്ട,6316,GRAM_PANCHAYAT,Kunnathur,കുന്നത്തൂർ,221351
Ernakulam,555,Parakkadav,പാറക്കടവ്,6281,GRAM_PANCHAYAT,Kunnukara,കുന്നുകര,221096
Kozhikode,561,Kunnummal,കുന്നുമ്മൽ,6334,GRAM_PANCHAYAT,Kunnumal,കുന്നുമ്മൽ,221473
Kottayam,560,Uzhavoor,ഉഴവൂർ,6326,GRAM_PANCHAYAT,Kuravilangad,കുറവിലങ്ങാട്,221419
Kottayam,560,Pallom,പള്ളം,6324,GRAM_PANCHAYAT,Kurichy,കുറിച്ചി,221397
Kannur,557,Taliparamba,തളിപ്പറമ്പ,6301,GRAM_PANCHAYAT,Kurumathur,കുറുമാത്തൂർ,221241
Malappuram,562,Mankada,മങ്കട,6345,GRAM_PANCHAYAT,Kuruva,കുറുവ,221538
Kozhikode,561,Kunnamangalam,കുന്ദമംഗലം,6333,GRAM_PANCHAYAT,Kuruvattur,കുരുവട്ടൂർ,221466
Palakkad,563,Kuzhalmannam,കുഴൽമന്ദം,6359,GRAM_PANCHAYAT,Kuthanoor,കുത്തന്നൂർ,221631
Alappuzha,554,Pattanakkad,പട്ടണക്കാട്,6269,GRAM_PANCHAYAT,Kuthiathodu,കുത്തിയതോട്,221026
Kasaragod,558,Karadka,കാറഡുക്ക,6886,GRAM_PANCHAYAT,Kutikkol,കുറ്റിക്കോൽ,221271
Ernakulam,555,Kothamangalam,കോതമംഗലം,6276,GRAM_PANCHAYAT,Kuttampuzha,കുട്ടമ്പുഴ,221065
Kozhikode,561,Kunnummal,കുന്നുമ്മൽ,6334,GRAM_PANCHAYAT,Kuttiadi,കുറ്റ്യാടി,221474
Kannur,557,Irikkur,ഇരിക്കൂര്&zwj;,6295,GRAM_PANCHAYAT,Kuttiattor,കുറ്റ്യാട്ടൂർ,221188
Thiruvananthapuram,565,Vellanad,വെള്ളനാട്,6386,GRAM_PANCHAYAT,Kuttichal,കുറ്റിച്ചല്&zwj;,221818
Malappuram,562,Kuttippuram,കുറ്റിപ്പുറം,6343,GRAM_PANCHAYAT,Kuttippuram,കുറ്റിപ്പുറം,221527
Pathanamthitta,564,Pulikeezhu,പുളിക്കീഴ്,6374,GRAM_PANCHAYAT,Kuttoor,കുറ്റൂർ,221738
Palakkad,563,Kuzhalmannam,കുഴൽമന്ദം,6359,GRAM_PANCHAYAT,Kuzhalmannam,കുഴൽമന്ദം,221632
Malappuram,562,Areakode,അരീക്കോട്,6341,GRAM_PANCHAYAT,Kuzhimanna,കുഴിമണ്ണ,221513
Ernakulam,555,Vypeen,വൈപ്പിൻ,6285,GRAM_PANCHAYAT,Kuzhuppilly,കുഴുപ്പിള്ളി,221119
Thrissur,566,Mala,മാള,6394,GRAM_PANCHAYAT,Kuzhur,കുഴൂര്&zwj;,221864
Palakkad,563,Ottappalam,ഒറ്റപ്പാലം,6363,GRAM_PANCHAYAT,Lakkidiperur,ലെക്കിടി  പേരൂർ,221663
Thrissur,566,Ollukkara,ഒല്ലൂക്കര,6397,GRAM_PANCHAYAT,Madakkathara,മാടക്കത്തറ,221877
Kottayam,560,Madappally,മാടപ്പള്ളി,6323,GRAM_PANCHAYAT,Madappally,മാടപ്പള്ളി,221398
Kozhikode,561,Koduvally,കൊടുവള്ളി,6331,GRAM_PANCHAYAT,Madavoor,മടവൂർ,221452
Thiruvananthapuram,565,Kilimanoor,കിളിമാനൂര്&zwj;,6379,GRAM_PANCHAYAT,Madavoor,മടവൂര്&zwj;,221769
Kannur,557,Kalliasseri,കല്ല്യാശ്ശേരി,6884,GRAM_PANCHAYAT,Madayi,മാടായി,221224
Kasaragod,558,Kasargod,കാസര്&zwj;ഗോഡ്,6304,GRAM_PANCHAYAT,Madhur,മധൂർ,221272
Kasaragod,558,Kanhangad,കാഞ്ഞങ്ങാട്,6303,GRAM_PANCHAYAT,Madikkai,മടിക്കൈ,221261
Malappuram,562,Mankada,മങ്കട,6345,GRAM_PANCHAYAT,Makkaraparamba,മക്കരപറമ്പ,221539
Thrissur,566,Mala,മാള,6394,GRAM_PANCHAYAT,Mala,മാള,221865
Palakkad,563,Malampuzha,മലമ്പുഴ,6360,GRAM_PANCHAYAT,Malampuzha,മലമ്പുഴ,221638
Kannur,557,Irikkur,ഇരിക്കൂര്&zwj;,6295,GRAM_PANCHAYAT,Malapattom,മലപ്പട്ടം,221189
Pathanamthitta,564,Konni,കോന്നി,6370,GRAM_PANCHAYAT,Malayalapuzha,മലയാലപ്പുഴ,221712
Ernakulam,555,Angamali,അങ്കമാലി,6273,GRAM_PANCHAYAT,Malayattoor Neeleswaram,മലയാറ്റൂർ നീലേശ്വരം,221049
Thiruvananthapuram,565,Nemom,നേമം,6381,GRAM_PANCHAYAT,Malayinkeezh,മലയിന്&zwj;കീഴ്,221782
Pathanamthitta,564,Mallappally,മല്ലപ്പള്ളി,6371,GRAM_PANCHAYAT,Mallappally,മല്ലപ്പള്ളി,221726
Pathanamthitta,564,Elanthoor,എലന്തൂര്&zwj;,6368,GRAM_PANCHAYAT,Mallapuzhassery,മല്ലപ്പുഴശ്ശേരി,221701
Kannur,557,Peravoor,പേരാവൂര്&zwj;,6300,GRAM_PANCHAYAT,Malur,മാലൂർ,221232
Malappuram,562,Wandoor,വണ്ടൂര്&zwj;,6354,GRAM_PANCHAYAT,Mambad,മമ്പാട്,221599
Idukki,556,Thodupuzha,തൊടുപുഴ,6293,GRAM_PANCHAYAT,Manakkad,മണക്കാട്,221173
Thrissur,566,Anthikkad,അന്തിക്കാട്,6387,GRAM_PANCHAYAT,Manallur,മണലൂർ,221826
Thiruvananthapuram,565,Varkala,വര്&zwj;ക്കല,6385,GRAM_PANCHAYAT,Manamboor,മണമ്പൂര്&zwj;,221813
Ernakulam,555,Mulanthuruthy,മുളന്തുരുത്തി,6277,GRAM_PANCHAYAT,Maneed,മണീട്,221089
Malappuram,562,Tirur,തിരൂർ,6351,GRAM_PANCHAYAT,Mangalam,മംഗലം,221577
Thiruvananthapuram,565,Pothencode,പോത്തൻകോട്,6378,GRAM_PANCHAYAT,Mangalapuram,മംഗലപുരം,221765
Kasaragod,558,Manjeshwar,മഞ്ചേശ്വര്&zwj;,6305,GRAM_PANCHAYAT,Mangalpady,മംഗല്&zwj;പാടി,221280
Kannur,557,Kuthuparamba,കൂത്തുപറമ്പ,6298,GRAM_PANCHAYAT,Mangattidom,മാങ്ങാട്ടിടം,221209
Thiruvananthapuram,565,Vamanapuram,വാമനപുരം,6384,GRAM_PANCHAYAT,Manickal,മാണിക്കൽ,221802
Kottayam,560,Kanjirappally,കാഞ്ഞിരപ്പള്ലി,6321,GRAM_PANCHAYAT,Manimala,മണിമല,221387
Kozhikode,561,Thodannur,തോടന്നൂർ,6338,GRAM_PANCHAYAT,Maniyur,മണിയൂർ,221496
Ernakulam,555,Muvattupuzha,മുവ്വാറ്റുപുഴ,6278,GRAM_PANCHAYAT,Manjalloor,മഞ്ഞള്ളൂർ,221081
Ernakulam,555,Angamali,അങ്കമാലി,6273,GRAM_PANCHAYAT,Manjapra,മഞ്ഞപ്ര,221050
Kasaragod,558,Manjeshwar,മഞ്ചേശ്വര്&zwj;,6305,GRAM_PANCHAYAT,Manjewswaram,മഞ്ചേശ്വരം,221281
Kottayam,560,Uzhavoor,ഉഴവൂർ,6326,GRAM_PANCHAYAT,Manjoor,മാഞ്ഞൂർ,221379
Malappuram,562,Mankada,മങ്കട,6345,GRAM_PANCHAYAT,Mankada,മങ്കട,221540
Palakkad,563,Palakkad,പാലക്കാട്,6364,GRAM_PANCHAYAT,Mankara,മങ്കര,221668
Idukki,556,Devikulam,ദേവികുളം,6288,GRAM_PANCHAYAT,Mankulam,മാങ്കുളം,221138
Alappuzha,554,Aryad,ആര്യാട്,6261,GRAM_PANCHAYAT,Mannanchery,മണ്ണഞ്ചേരി,220974
Alappuzha,554,Mavelikkara,മാവേലിക്കര,6267,GRAM_PANCHAYAT,Mannar,മാന്നാർ,220991
Kottayam,560,Pampady,പാമ്പാടി,6325,GRAM_PANCHAYAT,Mannarkadu,മണർകാട്,221405
Palakkad,563,Palakkad,പാലക്കാട്,6364,GRAM_PANCHAYAT,Mannur,മണ്ണൂർ,221669
Ernakulam,555,Muvattupuzha,മുവ്വാറ്റുപുഴ,6278,GRAM_PANCHAYAT,Marady,മാറാടി,221082
Malappuram,562,Kuttippuram,കുറ്റിപ്പുറം,6343,GRAM_PANCHAYAT,Marakkara,മാറാക്കര,221528
Thiruvananthapuram,565,Nemom,നേമം,6381,GRAM_PANCHAYAT,Maranalloor,മാറനല്ലൂര്&zwj;,221783
Malappuram,562,Perumpadappu,പെരുമ്പടപ്പ്,6348,GRAM_PANCHAYAT,Marancheri,മാറഞ്ചേരി,221562
Kottayam,560,Uzhavoor,ഉഴവൂർ,6326,GRAM_PANCHAYAT,Marangattupilly,മരങ്ങാട്ടുപിള്ളി,221420
Alappuzha,554,Kanjikkuzhy,കഞ്ഞിക്കുഴി,6266,GRAM_PANCHAYAT,Mararikkulam North,മാരാരിക്കുളം വടക്ക്,221008
Alappuzha,554,Aryad,ആര്യാട്,6261,GRAM_PANCHAYAT,Mararikkulam South,മാരാരിക്കുളം തെക്ക്,220975
Kottayam,560,Vaikom,വൈക്കം,6327,GRAM_PANCHAYAT,Maravanthuruthu,മറവൻതുരുത്ത്,221425
Idukki,556,Devikulam,ദേവികുളം,6288,GRAM_PANCHAYAT,Marayoor,മറയൂർ,221139
Idukki,556,Idukki,ഇടുക്കി,6290,GRAM_PANCHAYAT,Mariyapuram,മരിയാപുരം,221153
Palakkad,563,Malampuzha,മലമ്പുഴ,6360,GRAM_PANCHAYAT,Marutharode,മരുതറോഡ്,221639
Kozhikode,561,Kunnummal,കുന്നുമ്മൽ,6334,GRAM_PANCHAYAT,Maruthomkara,മരുതോങ്കര,221475
Thrissur,566,Mathilakam,മതിലകം,6395,GRAM_PANCHAYAT,Mathilakam,മതിലകം,221869
Palakkad,563,Kuzhalmannam,കുഴൽമന്ദം,6359,GRAM_PANCHAYAT,Mathur,മാത്തൂർ,221633
Thrissur,566,Kodakara,കൊടകര,6393,GRAM_PANCHAYAT,Mattathur,മറ്റത്തൂര്&zwj;,221855
Kannur,557,Kalliasseri,കല്ല്യാശ്ശേരി,6884,GRAM_PANCHAYAT,Mattool,മാട്ടൂൽ,221225
Alappuzha,554,Bharanicavu,ഭരണിക്കാവ്,6262,GRAM_PANCHAYAT,Mavelikkara Thamarakkulam,മാവേലിക്കര താമരക്കുളം,220978
Alappuzha,554,Mavelikkara,മാവേലിക്കര,6267,GRAM_PANCHAYAT,Mavelikkara Thekkekara,മാവേലിക്കര തെക്കേക്കര,221013
Kozhikode,561,Kunnamangalam,കുന്ദമംഗലം,6333,GRAM_PANCHAYAT,Mavoor,മാവൂർ,221467
Kollam,559,Mukhathala,മുഖത്തല,6313,GRAM_PANCHAYAT,Mayyanad,മയ്യനാട്,221339
Kannur,557,Irikkur,ഇരിക്കൂര്&zwj;,6295,GRAM_PANCHAYAT,Mayyil,മയ്യിൽ,221190
Ernakulam,555,Vadavucode,വടവുകോട്,6283,GRAM_PANCHAYAT,Mazhuvannoor,മഴുവന്നൂർ,221107
Kottayam,560,Lalam,ളാലം,6322,GRAM_PANCHAYAT,Meenachil,മീനച്ചിൽ,221394
Kottayam,560,Pampady,പാമ്പാടി,6325,GRAM_PANCHAYAT,Meenadom,മീനടം,221413
Wayanad,567,Sulthan Bathery,സുൽത്താൻബത്തേരി,6405,GRAM_PANCHAYAT,Meenangadi,മീനങ്ങാടി,221930
Kasaragod,558,Manjeshwar,മഞ്ചേശ്വര്&zwj;,6305,GRAM_PANCHAYAT,Meenja,മീഞ്ച,221282
Palakkad,563,Nemmara,നെൻമാറ,6362,GRAM_PANCHAYAT,Melarcode,മേലാർകോട്,221656
Malappuram,562,Perinthalmanna,പെരിന്തൽമണ്ണ,6347,GRAM_PANCHAYAT,Melattur,മേലാറ്റൂർ,221558
Kollam,559,Vettikkavala,വെട്ടിക്കവല,6317,GRAM_PANCHAYAT,Melila,മേലില,221358
Kottayam,560,Erattupetta,ഈരാറ്റുപേട്ട,6318,GRAM_PANCHAYAT,Melukavu,മേലുകാവ്,221364
Thrissur,566,Chalakkudy,ചാലക്കുടി,6388,GRAM_PANCHAYAT,Melur,മേലൂര്&zwj;,221832
Wayanad,567,Kalpetta,കൽപ്പറ്റ,6403,GRAM_PANCHAYAT,Meppadi,മേപ്പാടി,221914
Kozhikode,561,Melday,മേലടി,6335,GRAM_PANCHAYAT,Meppayur,മേപ്പയൂർ,221480
Pathanamthitta,564,Pandlam,പന്തളം,6372,GRAM_PANCHAYAT,Mezhuveli,മെഴുവേലി,221719
Kasaragod,558,Kasargod,കാസര്&zwj;ഗോഡ്,6304,GRAM_PANCHAYAT,Mogral Puthur,മൊഗ്രാൽ പുത്തൂർ,221273
Kannur,557,Panoor,പാനൂര്&zwj;,6883,GRAM_PANCHAYAT,Mokeri,മൊകേരി,221210
Kozhikode,561,Panthalayani,പന്തലായനി,6336,GRAM_PANCHAYAT,Moodadi,മൂടാടി,221487
Ernakulam,555,Angamali,അങ്കമാലി,6273,GRAM_PANCHAYAT,Mookkannur,മൂക്കന്നൂർ,221051
Kottayam,560,Erattupetta,ഈരാറ്റുപേട്ട,6318,GRAM_PANCHAYAT,Moonilavu,മൂന്നിലവ്,221365
Malappuram,562,Tirurangadi,തിരൂരങ്ങാടി,6352,GRAM_PANCHAYAT,Moonniyur,മൂന്നിയൂർ,221583
Malappuram,562,Mankada,മങ്കട,6345,GRAM_PANCHAYAT,Moorkkanad,മൂർക്കനാട്,221541
Malappuram,562,Nilambur,നിലമ്പൂർ,6346,GRAM_PANCHAYAT,Moothadem,മൂത്തേടം,221551
Malappuram,562,Malappuram,മലപ്പുറം,6344,GRAM_PANCHAYAT,Morayur,മൊറയൂർ,221531
Thiruvananthapuram,565,Chirayinkeezhu,ചിറയിന്&zwj;കീഴ്,6377,GRAM_PANCHAYAT,Mudakkal,മുദാക്കൽ,221761
Ernakulam,555,Koovappady,കൂവപ്പടി,6275,GRAM_PANCHAYAT,Mudakuzha,മുടക്കുഴ,221058
Malappuram,562,Kondotty,കൊണ്ടോട്ടി,6342,GRAM_PANCHAYAT,Muduvalur,മുതുവല്ലൂര്&zwj;,239029
Alappuzha,554,Aryad,ആര്യാട്,6261,GRAM_PANCHAYAT,Muhamma,മുഹമ്മ,221009
Alappuzha,554,Chengannur,ചെങ്ങന്നൂർ,6264,GRAM_PANCHAYAT,Mulakkuzha,മുളക്കുഴ,220992
Kottayam,560,Kaduthuruthy,കടുത്തുരുത്തി,6320,GRAM_PANCHAYAT,Mulakulam,മുളക്കുളം,221380
Thrissur,566,Puzhakkal,പുഴക്കല്&zwj;,6399,GRAM_PANCHAYAT,Mulakunnathukavu,മുളകുന്നത്തുകാവ്,221891
Ernakulam,555,Edappally,ഇടപ്പള്ലി,6274,GRAM_PANCHAYAT,Mulavukad,മുളവുകാട്,221120
Kasaragod,558,Karadka,കാറഡുക്ക,6886,GRAM_PANCHAYAT,Muliyar,മുളിയാർ,221274
Wayanad,567,Panamaram,പനമരം,6882,GRAM_PANCHAYAT,Mullankolly,മുള്ളൻകൊല്ലി,221931
Thrissur,566,Mullassery,മുല്ലശ്ശേരി,6396,GRAM_PANCHAYAT,Mullassery,മുല്ലശ്ശേരി,221873
Thrissur,566,Wadakkanchery,വടക്കാഞ്ചേരി,6402,GRAM_PANCHAYAT,Mullurkara,മുള്ളൂർക്കര,221906
Ernakulam,555,Mulanthuruthy,മുളന്തുരുത്തി,6277,GRAM_PANCHAYAT,Mulumthuruthy,മുളന്തുരുത്തി,221075
Kottayam,560,Kanjirappally,കാഞ്ഞിരപ്പള്ലി,6321,GRAM_PANCHAYAT,Mundakayam,മുണ്ടക്കയം,221388
Kannur,557,Edakkad,എടക്കാട്,6294,GRAM_PANCHAYAT,Munderi,മുണ്ടേരി,221182
Kollam,559,Chittumala,ചിറ്റുമല,6310,GRAM_PANCHAYAT,Mundrothuruthu,മൺറോതുരുത്ത്,221319
Palakkad,563,Palakkad,പാലക്കാട്,6364,GRAM_PANCHAYAT,Mundur,മുണ്ടൂർ,221670
Idukki,556,Devikulam,ദേവികുളം,6288,GRAM_PANCHAYAT,Munnar,മൂന്നാർ,221140
Wayanad,567,Kalpetta,കൽപ്പറ്റ,6403,GRAM_PANCHAYAT,Muppainadu,മൂപ്പൈനാട്,221915
Thrissur,566,Irinjalakkuda,ഇരിങ്ങാലക്കുട,6392,GRAM_PANCHAYAT,Muriyad,Muriyad,221851
Palakkad,563,Kollengode,കൊല്ലങ്കോട്,6358,GRAM_PANCHAYAT,Muthalamada,മുതലമട,221626
Kottayam,560,Lalam,ളാലം,6322,GRAM_PANCHAYAT,Mutholy,മുത്തോലി,221395
Alappuzha,554,Muthukulam,മുതുകുളം,6268,GRAM_PANCHAYAT,Muthukulam,മുതുകുളം,221020
Palakkad,563,Pattambi,പട്ടാമ്പി,6365,GRAM_PANCHAYAT,Muthuthala,മുതുതല,221675
Alappuzha,554,Veliyanad,വെളിയനാട്,6271,GRAM_PANCHAYAT,Muttar,മുട്ടാർ,221036
Wayanad,567,Kalpetta,കൽപ്പറ്റ,6403,GRAM_PANCHAYAT,Muttil,മുട്ടിൽ,221916
Idukki,556,Thodupuzha,തൊടുപുഴ,6293,GRAM_PANCHAYAT,Muttom,മുട്ടം,221174
Kannur,557,Peravoor,പേരാവൂര്&zwj;,6300,GRAM_PANCHAYAT,Muzhakkunnu,മുഴക്കുന്ന്,221233
Kannur,557,Thalassery,തലശ്ശേരി,6302,GRAM_PANCHAYAT,Muzhappilangad,മുഴപ്പിലങ്ങാട്,221183
Kollam,559,Vettikkavala,വെട്ടിക്കവല,6317,GRAM_PANCHAYAT,Mylam,മൈലം,221359
Pathanamthitta,564,Konni,കോന്നി,6370,GRAM_PANCHAYAT,Mylapra,മൈലപ്രാ,221713
Kollam,559,Sasthamcottah,ശാസ്താംകോട്ട,6316,GRAM_PANCHAYAT,Mynagappally,മൈനാഗപ്പള്ളി,221329
Kozhikode,561,Thuneri,തുണേരി,6339,GRAM_PANCHAYAT,Nadapuram,നാദാപുരം,221476
Thrissur,566,Ollukkara,ഒല്ലൂക്കര,6397,GRAM_PANCHAYAT,Nadathara,നടത്തറ,221878
Kozhikode,561,Balusseri,ബാലുശ്ശേരി,6329,GRAM_PANCHAYAT,Naduvannur,നടുവണ്ണൂർ,221439
Kannur,557,Taliparamba,തളിപ്പറമ്പ,6301,GRAM_PANCHAYAT,Naduvil,നടുവില്&zwj;,221242
Palakkad,563,Trithala,തൃത്താല,6367,GRAM_PANCHAYAT,Nagalassery,നാഗലശ്ശേരി,221693
Thiruvananthapuram,565,Kilimanoor,കിളിമാനൂര്&zwj;,6379,GRAM_PANCHAYAT,Nagaroor,നഗരൂർ,221770
Palakkad,563,Chittur,ചിറ്റൂർ,6357,GRAM_PANCHAYAT,Nalleppilly,നല്ലേപ്പിള്ളി,221620
Kozhikode,561,Chelannur,ചേളന്നൂര്&zwj;,6330,GRAM_PANCHAYAT,Nanmanda,നന്മണ്ട,221446
Malappuram,562,Tirurangadi,തിരൂരങ്ങാടി,6352,GRAM_PANCHAYAT,Nannambra,നന്നമ്പ്ര,221584
Malappuram,562,Perumpadappu,പെരുമ്പടപ്പ്,6348,GRAM_PANCHAYAT,Nannamukku,നന്നമുക്ക്,221563
Thiruvananthapuram,565,Vamanapuram,വാമനപുരം,6384,GRAM_PANCHAYAT,Nanniyode,നന്ദിയോട്,221803
Pathanamthitta,564,Ranni,റാന്നി,6375,GRAM_PANCHAYAT,Naranamoozhy,നാറാണംമൂഴി,221743
Pathanamthitta,564,Elanthoor,എലന്തൂര്&zwj;,6368,GRAM_PANCHAYAT,Naranganam,നാരങ്ങാനം,221702
Kannur,557,Kalliasseri,കല്ല്യാശ്ശേരി,6884,GRAM_PANCHAYAT,Narath,നാറാത്ത്,221243
Kozhikode,561,Chelannur,ചേളന്നൂര്&zwj;,6330,GRAM_PANCHAYAT,Narikunni,നരിക്കുനി,221447
Kozhikode,561,Kunnummal,കുന്നുമ്മൽ,6334,GRAM_PANCHAYAT,Naripetta,നരിപ്പറ്റ,221477
Thrissur,566,Thalikkulam,തളിക്കുളം,6400,GRAM_PANCHAYAT,Nattika,നാട്ടിക,221894
Thiruvananthapuram,565,Kilimanoor,കിളിമാനൂര്&zwj;,6379,GRAM_PANCHAYAT,Navaikulam,നാവായിക്കുളം,221771
Ernakulam,555,Vypeen,വൈപ്പിൻ,6285,GRAM_PANCHAYAT,Nayarambalam,നായരമ്പലം,221121
Ernakulam,555,Parakkadav,പാറക്കടവ്,6281,GRAM_PANCHAYAT,Nedumbassery,നെടുമ്പാശ്ശേരി,221097
Idukki,556,Nedumkandom,നെടങ്കണ്ടം,6292,GRAM_PANCHAYAT,Nedumkandam,നെടുങ്കണ്ടം,221164
Kottayam,560,Vazhoor,വാഴൂർ,6328,GRAM_PANCHAYAT,Nedumkunnam,നെടുംകുന്നം,221432
Kollam,559,Mukhathala,മുഖത്തല,6313,GRAM_PANCHAYAT,Nedumpana,നെടുമ്പന,221326
Pathanamthitta,564,Pulikeezhu,പുളിക്കീഴ്,6374,GRAM_PANCHAYAT,Nedumpuram,നെടുമ്പ്രം,221739
Alappuzha,554,Champakulam,ചമ്പക്കുളം,6263,GRAM_PANCHAYAT,Nedumudi,നെടുമുടി,220985
Kollam,559,Kottarakkara,കൊട്ടാരക്കര,6312,GRAM_PANCHAYAT,Neduvathur,നെടുവത്തൂർ,221334
Alappuzha,554,Veliyanad,വെളിയനാട്,6271,GRAM_PANCHAYAT,Neelamperoor,നീലംപേരൂർ,221037
Kollam,559,Chavara,ചവറ,6309,GRAM_PANCHAYAT,Neendakara,നീണ്ടകര,221313
Kottayam,560,Ettumanoor,ഏറ്റുമാനൂർ,6319,GRAM_PANCHAYAT,Neendoor,നീണ്ടൂർ,221376
Thiruvananthapuram,565,Vamanapuram,വാമനപുരം,6384,GRAM_PANCHAYAT,Nellanad,നെല്ലനാട്,221804
Palakkad,563,Ottappalam,ഒറ്റപ്പാലം,6363,GRAM_PANCHAYAT,Nellaya,നെല്ലായ,221676
Palakkad,563,Nemmara,നെൻമാറ,6362,GRAM_PANCHAYAT,Nelliampathy,നെല്ലിയാമ്പതി,221657
Ernakulam,555,Kothamangalam,കോതമംഗലം,6276,GRAM_PANCHAYAT,Nellikkuzhi,നെല്ലിക്കുഴി,221066
Palakkad,563,Nemmara,നെൻമാറ,6362,GRAM_PANCHAYAT,Nemmara,നെമ്മാറ,221658
Wayanad,567,Sulthan Bathery,സുൽത്താൻബത്തേരി,6405,GRAM_PANCHAYAT,Nenmeni,നെന്മേനി,221932
Thrissur,566,Kodakara,കൊടകര,6393,GRAM_PANCHAYAT,Nenmenikkara,നെൻമണിക്കര,221856
Kannur,557,Thalassery,തലശ്ശേരി,6302,GRAM_PANCHAYAT,New Mahi,ന്യൂ മാഹി,221254
Kollam,559,Chadayamangalam,ചടയമംഗലം,6308,GRAM_PANCHAYAT,Nilamel,നിലമേൽ,221310
Malappuram,562,Tanur,താനൂർ,6350,GRAM_PANCHAYAT,Niramaruthoor,നിറമരുതൂർ,221571
Pathanamthitta,564,Pulikeezhu,പുളിക്കീഴ്,6374,GRAM_PANCHAYAT,Niranam,നിരണം,221740
Ernakulam,555,Vypeen,വൈപ്പിൻ,6285,GRAM_PANCHAYAT,Njarakkal,ഞാറക്കൽ,221122
Kottayam,560,Kaduthuruthy,കടുത്തുരുത്തി,6320,GRAM_PANCHAYAT,Njeezhoor,ഞീഴൂർ,221381
Kozhikode,561,Perambra,പേരാമ്പ്ര,6337,GRAM_PANCHAYAT,Nochad,നൊച്ചാട്,221493
Wayanad,567,Sulthan Bathery,സുൽത്താൻബത്തേരി,6405,GRAM_PANCHAYAT,Noolpuzha,നൂൽപ്പുഴ,221933
Alappuzha,554,Bharanicavu,ഭരണിക്കാവ്,6262,GRAM_PANCHAYAT,Nooranad,നൂറനാട്,220979
Kollam,559,Oachira,ഓച്ചിറ,6314,GRAM_PANCHAYAT,Oachira,ഓച്ചിറ,221343
Ernakulam,555,Koovappady,കൂവപ്പടി,6275,GRAM_PANCHAYAT,Okkal,ഒക്കൽ,221059
Kozhikode,561,Kozhikode,കോഴിക്കോട്,6332,GRAM_PANCHAYAT,Olavanna,ഒളവണ്ണ,221459
Pathanamthitta,564,Elanthoor,എലന്തൂര്&zwj;,6368,GRAM_PANCHAYAT,Omallur,ഓമല്ലൂർ,221703
Kozhikode,561,Koduvally,കൊടുവള്ളി,6331,GRAM_PANCHAYAT,Omassery,ഓമശ്ശേരി,221453
Kozhikode,561,Vadakara,വടകര,6340,GRAM_PANCHAYAT,Onchiyam,ഒഞ്ചിയം,221508
Palakkad,563,Pattambi,പട്ടാമ്പി,6365,GRAM_PANCHAYAT,Ongallur,ഓങ്ങല്ലൂര്&zwj;,221677
Thrissur,566,Chavakkad,ചാവക്കാട്,6389,GRAM_PANCHAYAT,Orumanayur,ഒരുമനയൂർ,221835
Malappuram,562,Malappuram,മലപ്പുറം,6344,GRAM_PANCHAYAT,Othukkungal,ഒതുക്കുങ്ങൽ,221593
Thiruvananthapuram,565,Perumkadavila,പെരുങ്കടവിള,6383,GRAM_PANCHAYAT,Ottasekharamangalam,ഒറ്റശേഖരമംഗലം,221798
Thiruvananthapuram,565,Varkala,വര്&zwj;ക്കല,6385,GRAM_PANCHAYAT,Ottoor,ഒറ്റൂർ,221814
Malappuram,562,Tanur,താനൂർ,6350,GRAM_PANCHAYAT,Ozhur,ഒഴൂർ,221572
Wayanad,567,Kalpetta,കൽപ്പറ്റ,6403,GRAM_PANCHAYAT,Padinharethara,പടിഞ്ഞാറത്തറ,221917
Kannur,557,Irikkur,ഇരിക്കൂര്&zwj;,6295,GRAM_PANCHAYAT,Padiyur,പടിയൂര്&zwj;,221191
Thrissur,566,Vellangallur,വെള്ളാങ്ങല്ലൂര്&zwj;,6401,GRAM_PANCHAYAT,Padiyur,പടിയൂർ,221898
Kasaragod,558,Nileshwar,നീലേശ്വര്&zwj;,6306,GRAM_PANCHAYAT,Padne,പടന്ന,221290
Ernakulam,555,Kothamangalam,കോതമംഗലം,6276,GRAM_PANCHAYAT,Paingottur,പൈങ്ങോട്ടൂർ,221067
Kottayam,560,Madappally,മാടപ്പള്ളി,6323,GRAM_PANCHAYAT,Paippad,പായിപ്പാട്,221399
Ernakulam,555,Muvattupuzha,മുവ്വാറ്റുപുഴ,6278,GRAM_PANCHAYAT,Paipra,പായിപ്ര,221083
Kasaragod,558,Manjeshwar,മഞ്ചേശ്വര്&zwj;,6305,GRAM_PANCHAYAT,Paivalike,പൈവളികെ,221283
Ernakulam,555,Pampakuda,പാമ്പാക്കുട,6280,GRAM_PANCHAYAT,Palakuzha,പാലക്കുഴ,221090
Alappuzha,554,Bharanicavu,ഭരണിക്കാവ്,6262,GRAM_PANCHAYAT,Palamel,പാലമേൽ,220980
Ernakulam,555,Kothamangalam,കോതമംഗലം,6276,GRAM_PANCHAYAT,Pallarimangalam,പല്ലാരിമംഗലം,221068
Palakkad,563,Nemmara,നെൻമാറ,6362,GRAM_PANCHAYAT,Pallassana,പല്ലശ്ശന,221659
Thiruvananthapuram,565,Nemom,നേമം,6381,GRAM_PANCHAYAT,Pallichal,പള്ളിച്ചല്&zwj;,221784
Pathanamthitta,564,Parakode,പറക്കോട്,6373,GRAM_PANCHAYAT,Pallickal,പള്ളിയ്ക്കൽ,221736
Thiruvananthapuram,565,Kilimanoor,കിളിമാനൂര്&zwj;,6379,GRAM_PANCHAYAT,Pallickal,പള്ളിക്കല്&zwj;,221772
Malappuram,562,Kondotty,കൊണ്ടോട്ടി,6342,GRAM_PANCHAYAT,Pallikkal,പള്ളിക്കല്&zwj;,221520
Kasaragod,558,Kanhangad,കാഞ്ഞങ്ങാട്,6303,GRAM_PANCHAYAT,Pallikkara,പള്ളിക്കര,221262
Kottayam,560,Pampady,പാമ്പാടി,6325,GRAM_PANCHAYAT,Pallikkathode,പള്ളിക്കത്തോട്,221414
Alappuzha,554,Harippad,ഹരിപ്പാട്,6265,GRAM_PANCHAYAT,Pallippad,പള്ളിപ്പാട്,221003
Ernakulam,555,Vypeen,വൈപ്പിൻ,6285,GRAM_PANCHAYAT,Pallippuram,പള്ളിപ്പുറം,221123
Idukki,556,Adimaly,അടിമാലി,6286,GRAM_PANCHAYAT,Pallivasal,പള്ളിവാസൽ,221128
Idukki,556,Nedumkandom,നെടങ്കണ്ടം,6292,GRAM_PANCHAYAT,Pampadumpara,പാമ്പാടുംപാറ,221165
Kottayam,560,Pampady,പാമ്പാടി,6325,GRAM_PANCHAYAT,Pampady,പാമ്പാടി,221415
Ernakulam,555,Pampakuda,പാമ്പാക്കുട,6280,GRAM_PANCHAYAT,Pampakuda,പാമ്പാക്കുട,221091
Kottayam,560,Pallom,പള്ളം,6324,GRAM_PANCHAYAT,Panachikkad,പനച്ചിക്കാട്,221406
Wayanad,567,Panamaram,പനമരം,6882,GRAM_PANCHAYAT,Panamaram,പനമരം,221924
Thrissur,566,Ollukkara,ഒല്ലൂക്കര,6397,GRAM_PANCHAYAT,Pananchery,പാണഞ്ചേരി,221879
Kozhikode,561,Balusseri,ബാലുശ്ശേരി,6329,GRAM_PANCHAYAT,Panangad,പനങ്ങാട്,221440
Kasaragod,558,Parappa,പരപ്പ,6885,GRAM_PANCHAYAT,Panathady,പനത്തടി,221263
Alappuzha,554,Thycattussery,തൈക്കാട്ടുശ്ശേരി,6270,GRAM_PANCHAYAT,Panavally,പാണാവള്ളി,221032
Thiruvananthapuram,565,Nedumangad,നെടുമങ്ങാട്,6380,GRAM_PANCHAYAT,Panavoor,പനവൂർ,221778
Kollam,559,Chittumala,ചിറ്റുമല,6310,GRAM_PANCHAYAT,Panayam,പനയം,221320
Pathanamthitta,564,Pandlam,പന്തളം,6372,GRAM_PANCHAYAT,Pandalam Thekkekara,പന്തളം തെക്കേക്കര,221728
Alappuzha,554,Chengannur,ചെങ്ങന്നൂർ,6264,GRAM_PANCHAYAT,Pandanad,പാണ്ടനാട്,220993
Malappuram,562,Wandoor,വണ്ടൂര്&zwj;,6354,GRAM_PANCHAYAT,Pandikkad,പാണ്ടിക്കാട്,221600
Thiruvananthapuram,565,Vamanapuram,വാമനപുരം,6384,GRAM_PANCHAYAT,Pangode,പാങ്ങോട്,221805
Thrissur,566,Pazhayannur,പഴയന്നൂര്&zwj;,6398,GRAM_PANCHAYAT,Panjal,പാഞ്ഞാൾ,221883
Kollam,559,Chavara,ചവറ,6309,GRAM_PANCHAYAT,Panmana,പൻമന,221314
Kannur,557,Panoor,പാനൂര്&zwj;,6883,GRAM_PANCHAYAT,Panniyannur,പന്നിയന്നൂര്&zwj;,221211
Kannur,557,Kannur,കണ്ണൂർ,6297,GRAM_PANCHAYAT,Pappinisseri,പാപ്പിനിശ്ശേരി,221244
Ernakulam,555,Parakkadav,പാറക്കടവ്,6281,GRAM_PANCHAYAT,Parakkadavu,പാറക്കടവ്,221098
Thrissur,566,Cherpu,ചേര്&zwj;പ്പ്,6390,GRAM_PANCHAYAT,Paralam,പാറളം,221841
Thrissur,566,Irinjalakkuda,ഇരിങ്ങാലക്കുട,6392,GRAM_PANCHAYAT,Parappukkara,Parappukkara,221852
Malappuram,562,Vengara,വേങ്ങര,6353,GRAM_PANCHAYAT,Parappur,പറപ്പൂർ,221594
Thiruvananthapuram,565,Parassala,പാറശ്ശാല,6382,GRAM_PANCHAYAT,Parassala,പാറശ്ശാല,221790
Kottayam,560,Kanjirappally,കാഞ്ഞിരപ്പള്ലി,6321,GRAM_PANCHAYAT,Parathode,പാറത്തോട്,221389
Kannur,557,Taliparamba,തളിപ്പറമ്പ,6301,GRAM_PANCHAYAT,Pariyaram,പരിയാരം,221245
Thrissur,566,Chalakkudy,ചാലക്കുടി,6388,GRAM_PANCHAYAT,Pariyaram,പരിയാരം,221833
Palakkad,563,Palakkad,പാലക്കാട്,6364,GRAM_PANCHAYAT,Parli,പറളി,221671
Palakkad,563,Pattambi,പട്ടാമ്പി,6365,GRAM_PANCHAYAT,Parudur,പരുതൂര്&zwj;,221678
Kollam,559,Pathanapuram,പത്തനാപുരം,6315,GRAM_PANCHAYAT,Pathanapuram,പത്തനാപുരം,221345
Alappuzha,554,Muthukulam,മുതുകുളം,6268,GRAM_PANCHAYAT,Pathiyoor,പത്തിയൂർ,221021
Alappuzha,554,Pattanakkad,പട്ടണക്കാട്,6269,GRAM_PANCHAYAT,Pattanakkad,പട്ടണക്കാട്,221027
Kollam,559,Pathanapuram,പത്തനാപുരം,6315,GRAM_PANCHAYAT,Pattazhi,പട്ടാഴി,221346
Kollam,559,Pathanapuram,പത്തനാപുരം,6315,GRAM_PANCHAYAT,Pattazhi Vadakkekara,പട്ടാഴി വടക്കേക്കര,221347
Palakkad,563,Kollengode,കൊല്ലങ്കോട്,6358,GRAM_PANCHAYAT,Pattencherry,പട്ടഞ്ചേരി,221621
Kannur,557,Kuthuparamba,കൂത്തുപറമ്പ,6298,GRAM_PANCHAYAT,Pattiam,പാട്യം,221213
Palakkad,563,Trithala,തൃത്താല,6367,GRAM_PANCHAYAT,Pattithara,പട്ടിത്തറ,221694
Kannur,557,Taliparamba,തളിപ്പറമ്പ,6301,GRAM_PANCHAYAT,Pattuvam,പട്ടുവം,221246
Thrissur,566,Mullassery,മുല്ലശ്ശേരി,6396,GRAM_PANCHAYAT,Pavaratty,പാവറട്ടി,221874
Kollam,559,Vettikkavala,വെട്ടിക്കവല,6317,GRAM_PANCHAYAT,Pavithreswaram,പവിത്രേശ്വരം,221360
Kannur,557,Iritty,ഇരിട്ടി,6296,GRAM_PANCHAYAT,Payam,പായം,221200
Kannur,557,Irikkur,ഇരിക്കൂര്&zwj;,6295,GRAM_PANCHAYAT,Payyavoor,പയ്യാവൂർ,221192
Thiruvananthapuram,565,Kilimanoor,കിളിമാനൂര്&zwj;,6379,GRAM_PANCHAYAT,Pazhayakunnummel,പഴയകുന്നുമ്മേൽ,221773
Thrissur,566,Pazhayannur,പഴയന്നൂര്&zwj;,6398,GRAM_PANCHAYAT,Pazhayannur,പഴയന്നൂർ,221884
Idukki,556,Azhutha,അഴുത,6287,GRAM_PANCHAYAT,Peerumedu,പീരുമേട്,221133
Kannur,557,Edakkad,എടക്കാട്,6294,GRAM_PANCHAYAT,Peralasseri,പെരളശ്ശേരി,221184
Kozhikode,561,Perambra,പേരാമ്പ്ര,6337,GRAM_PANCHAYAT,Perambra,പേരാമ്പ്ര,221494
Kannur,557,Peravoor,പേരാവൂര്&zwj;,6300,GRAM_PANCHAYAT,Peravoor,പേരാവൂര്&zwj;,221234
Kollam,559,Chittumala,ചിറ്റുമല,6310,GRAM_PANCHAYAT,Perayam,പേരയം,221321
Kollam,559,Chittumala,ചിറ്റുമല,6310,GRAM_PANCHAYAT,Perinad,പെരിനാട്,221322
Thiruvananthapuram,565,Vamanapuram,വാമനപുരം,6384,GRAM_PANCHAYAT,Peringamala,പെരിങ്ങമ്മല,221806
Pathanamthitta,564,Pulikeezhu,പുളിക്കീഴ്,6374,GRAM_PANCHAYAT,Peringara,പെരിങ്ങര,221741
Kannur,557,Payyannur,പയ്യന്നൂര്&zwj;,6299,GRAM_PANCHAYAT,Peringome -Vayakkara,പെരിങ്ങോം വയക്കര,221226
Palakkad,563,Kuzhalmannam,കുഴൽമന്ദം,6359,GRAM_PANCHAYAT,Peringottukurissi,പെരിങ്ങോട്ടുകുറിശ്ശി,221634
Thrissur,566,Mathilakam,മതിലകം,6395,GRAM_PANCHAYAT,Perinjanam,പെരിഞ്ഞനം,221870
Kozhikode,561,Kunnamangalam,കുന്ദമംഗലം,6333,GRAM_PANCHAYAT,Perumanna,പെരുമണ്ണ,221469
Malappuram,562,Tanur,താനൂർ,6350,GRAM_PANCHAYAT,Perumannaklari,പെരുമണ്ണ ക്ലാരി,239031
Palakkad,563,Chittur,ചിറ്റൂർ,6357,GRAM_PANCHAYAT,Perumatty,പെരുമാട്ടി,221622
Alappuzha,554,Thycattussery,തൈക്കാട്ടുശ്ശേരി,6270,GRAM_PANCHAYAT,Perumbalam,പെരുമ്പളം,221033
Thiruvananthapuram,565,Perumkadavila,പെരുങ്കടവിള,6383,GRAM_PANCHAYAT,Perumkadavila,പെരുങ്കടവിള,221799
Malappuram,562,Perumpadappu,പെരുമ്പടപ്പ്,6348,GRAM_PANCHAYAT,Perumpadappa,പെരുമ്പടപ്പ,221564
Malappuram,562,Tirurangadi,തിരൂരങ്ങാടി,6352,GRAM_PANCHAYAT,Peruvallur,പെരുവള്ളൂർ,221586
Idukki,556,Azhutha,അഴുത,6287,GRAM_PANCHAYAT,Peruvanthanam,പെരുവന്താനം,221134
Kozhikode,561,Kunnamangalam,കുന്ദമംഗലം,6333,GRAM_PANCHAYAT,Peruvayal,പെരുവയൽ,221470
Palakkad,563,Kollengode,കൊല്ലങ്കോട്,6358,GRAM_PANCHAYAT,Peruvemba,പെരുവെമ്പ,221640
Kasaragod,558,Nileshwar,നീലേശ്വര്&zwj;,6306,GRAM_PANCHAYAT,Pilicode,പിലിക്കോട്,221291
Kannur,557,Thalassery,തലശ്ശേരി,6302,GRAM_PANCHAYAT,Pinarayi,പിണറായി,221256
Ernakulam,555,Kothamangalam,കോതമംഗലം,6276,GRAM_PANCHAYAT,Pindimana,പിണ്ടിമന,221069
Kollam,559,Pathanapuram,പത്തനാപുരം,6315,GRAM_PANCHAYAT,Piravanthur,പിറവന്തൂര്&zwj;,221348
Palakkad,563,Palakkad,പാലക്കാട്,6364,GRAM_PANCHAYAT,Pirayari,പിരായിരി,221672
Palakkad,563,Chittur,ചിറ്റൂർ,6357,GRAM_PANCHAYAT,Polpully,പൊൽപ്പുള്ളി,221641
Malappuram,562,Malappuram,മലപ്പുറം,6344,GRAM_PANCHAYAT,Ponmala,പൊൻമള,221532
Malappuram,562,Tanur,താനൂർ,6350,GRAM_PANCHAYAT,Ponmundam,പൊന്മുണ്ടം,221573
Palakkad,563,Sreekrishnapuram,ശ്രീകൃഷ്ണപുരം,6366,GRAM_PANCHAYAT,Pookkottukavu,പൂക്കോട്ടുകാവ്,221686
Malappuram,562,Malappuram,മലപ്പുറം,6344,GRAM_PANCHAYAT,Pookkottur,പൂക്കോട്ടൂർ,221533
Thrissur,566,Vellangallur,വെള്ളാങ്ങല്ലൂര്&zwj;,6401,GRAM_PANCHAYAT,Poomangalam,പൂമംഗലം,221899
Kottayam,560,Erattupetta,ഈരാറ്റുപേട്ട,6318,GRAM_PANCHAYAT,Poonjar,പൂഞ്ഞാർ,221366
Kottayam,560,Erattupetta,ഈരാറ്റുപേട്ട,6318,GRAM_PANCHAYAT,Poonjar Thekkekara,പൂഞ്ഞാർ തെക്കേക്കര,221367
Wayanad,567,Panamaram,പനമരം,6882,GRAM_PANCHAYAT,Poothadi,പൂതാടി,221934
Kollam,559,Ithikkara,ഇത്തിക്കര,6311,GRAM_PANCHAYAT,Poothakkulam,പൂതക്കുളം,221327
Ernakulam,555,Vadavucode,വടവുകോട്,6283,GRAM_PANCHAYAT,Poothrikka,പൂത്തൃക്ക,221108
Thiruvananthapuram,565,Vellanad,വെള്ളനാട്,6386,GRAM_PANCHAYAT,Poovachal,പൂവച്ചല്&zwj;,221819
Thiruvananthapuram,565,Parassala,പാറശ്ശാല,6382,GRAM_PANCHAYAT,Poovar,പൂവ്വാര്&zwj;,221791
Kollam,559,Kottarakkara,കൊട്ടാരക്കര,6312,GRAM_PANCHAYAT,Pooyappally,പൂയപ്പള്ളി,221335
Thrissur,566,Chowannur,ചൊവ്വന്നൂര്&zwj;,6391,GRAM_PANCHAYAT,Porkulam,പോര്&zwj;ക്കുളം,221848
Malappuram,562,Wandoor,വണ്ടൂര്&zwj;,6354,GRAM_PANCHAYAT,Porur,പോരൂർ,221601
Kollam,559,Sasthamcottah,ശാസ്താംകോട്ട,6316,GRAM_PANCHAYAT,Poruvazhy,പോരുവഴി,221352
Ernakulam,555,Kothamangalam,കോതമംഗലം,6276,GRAM_PANCHAYAT,Pothanikkad,പോത്താനിക്കാട്,221070
Thiruvananthapuram,565,Pothencode,പോത്തൻകോട്,6378,GRAM_PANCHAYAT,Pothencode,പോത്തൻകോട്,221766
Malappuram,562,Nilambur,നിലമ്പൂർ,6346,GRAM_PANCHAYAT,Pothukkal,പോത്തുകല്ല്,221552
Thrissur,566,Mala,മാള,6394,GRAM_PANCHAYAT,Poyya,പൊയ്യ,221866
Wayanad,567,Kalpetta,കൽപ്പറ്റ,6403,GRAM_PANCHAYAT,Pozhuthana,പൊഴുതന,221918
Pathanamthitta,564,Konni,കോന്നി,6370,GRAM_PANCHAYAT,Pramadom,പ്രമാടം,221714
Palakkad,563,Alathur,ആലത്തൂർ,6355,GRAM_PANCHAYAT,Puducode,പുതുക്കോട്,221611
Thrissur,566,Kodakara,കൊടകര,6393,GRAM_PANCHAYAT,Pudukkad,പുതുക്കാട്,221857
Palakkad,563,Malampuzha,മലമ്പുഴ,6360,GRAM_PANCHAYAT,Puduppariyaram,പുതുപ്പരിയാരം,221642
Palakkad,563,Attappadi,അട്ടപ്പാടി,6356,GRAM_PANCHAYAT,Pudur,പുതൂർ,221616
Palakkad,563,Malampuzha,മലമ്പുഴ,6360,GRAM_PANCHAYAT,Pudusseri,പുതുശ്ശേരി,221643
Malappuram,562,Perinthalmanna,പെരിന്തൽമണ്ണ,6347,GRAM_PANCHAYAT,Pulamanthole,പുലാമന്തോൾ,221542
Malappuram,562,Kondotty,കൊണ്ടോട്ടി,6342,GRAM_PANCHAYAT,Pulikkal,പുളിക്കല്&zwj;,221521
Thiruvananthapuram,565,Kilimanoor,കിളിമാനൂര്&zwj;,6379,GRAM_PANCHAYAT,Pulimath,പുളിമാത്ത്,221774
Alappuzha,554,Veliyanad,വെളിയനാട്,6271,GRAM_PANCHAYAT,Pulinkunnu,പുളിങ്കുന്ന്,221038
Alappuzha,554,Chengannur,ചെങ്ങന്നൂർ,6264,GRAM_PANCHAYAT,Puliyoor,പുലിയൂർ,220994
Thiruvananthapuram,565,Vamanapuram,വാമനപുരം,6384,GRAM_PANCHAYAT,Pullampara,പുല്ലമ്പാറ,221807
Kasaragod,558,Kanhangad,കാഞ്ഞങ്ങാട്,6303,GRAM_PANCHAYAT,Pullurperiya,പുല്ലൂർ പെരിയ,221264
Wayanad,567,Panamaram,പനമരം,6882,GRAM_PANCHAYAT,Pulpalli,പുൽപ്പള്ളി,221935
Malappuram,562,Areakode,അരീക്കോട്,6341,GRAM_PANCHAYAT,Pulpatta,പുൽപ്പറ്റ,221514
Alappuzha,554,Ambalappuzha,അമ്പലപ്പുഴ,6260,GRAM_PANCHAYAT,Punnapra (North),പുന്നപ്ര വടക്ക്,220970
Alappuzha,554,Ambalappuzha,അമ്പലപ്പുഴ,6260,GRAM_PANCHAYAT,Punnapra(South),പുന്നപ്ര തെക്ക്,220971
Thrissur,566,Chavakkad,ചാവക്കാട്,6389,GRAM_PANCHAYAT,Punnayur,പുന്നയൂർ,221836
Thrissur,566,Chavakkad,ചാവക്കാട്,6389,GRAM_PANCHAYAT,Punnyurkulum,പുന്നയൂർക്കുളം,221837
Alappuzha,554,Ambalappuzha,അമ്പലപ്പുഴ,6260,GRAM_PANCHAYAT,Purakkad,പുറക്കാട്,220972
Pathanamthitta,564,Koipuram,കോയിപ്പുറം,6369,GRAM_PANCHAYAT,Puramattom,പുറമറ്റം,221708
Kozhikode,561,Thuneri,തുണേരി,6339,GRAM_PANCHAYAT,Purameri,പുറമേരി,221501
Idukki,556,Thodupuzha,തൊടുപുഴ,6293,GRAM_PANCHAYAT,Purapuzha,പുറപ്പുഴ,221175
Malappuram,562,Tirur,തിരൂർ,6351,GRAM_PANCHAYAT,Purathur,പുറത്തൂർ,221578
Thrissur,566,Vellangallur,വെള്ളാങ്ങല്ലൂര്&zwj;,6401,GRAM_PANCHAYAT,Puthenchira,പുത്തൻചിറ,221900
Ernakulam,555,Parakkadav,പാറക്കടവ്,6281,GRAM_PANCHAYAT,Puthenvelikkara,പുത്തൻവേലിക്കര,221099
Kasaragod,558,Manjeshwar,മഞ്ചേശ്വര്&zwj;,6305,GRAM_PANCHAYAT,Puthige,പുത്തിഗെ,221284
Palakkad,563,Kollengode,കൊല്ലങ്കോട്,6358,GRAM_PANCHAYAT,Puthunagaram,പുതുനഗരം,221627
Kozhikode,561,Koduvally,കൊടുവള്ളി,6331,GRAM_PANCHAYAT,Puthuppady,പുതുപ്പാടി,221454
Kottayam,560,Pallom,പള്ളം,6324,GRAM_PANCHAYAT,Puthuppally,പുതുപ്പള്ളി,221407
Thrissur,566,Ollukkara,ഒല്ലൂക്കര,6397,GRAM_PANCHAYAT,Puthur,പുത്തൂർ,221880
Malappuram,562,Mankada,മങ്കട,6345,GRAM_PANCHAYAT,Puzhakkattiri,പുഴക്കാട്ടിരി,221543
Idukki,556,Nedumkandom,നെടങ്കണ്ടം,6292,GRAM_PANCHAYAT,Rajakkad,രാജക്കാട്,221166
Idukki,556,Nedumkandom,നെടങ്കണ്ടം,6292,GRAM_PANCHAYAT,Rajakumari,രാജകുമാരി,221167
Ernakulam,555,Pampakuda,പാമ്പാക്കുട,6280,GRAM_PANCHAYAT,Ramamangalam,രാമമംഗലം,221093
Alappuzha,554,Veliyanad,വെളിയനാട്,6271,GRAM_PANCHAYAT,Ramankari,രാമങ്കരി,221039
Kannur,557,Payyannur,പയ്യന്നൂര്&zwj;,6299,GRAM_PANCHAYAT,Ramanthali,രാമന്തളി,221227
Kottayam,560,Uzhavoor,ഉഴവൂർ,6326,GRAM_PANCHAYAT,Ramapuram,രാമപുരം,221421
Pathanamthitta,564,Ranni,റാന്നി,6375,GRAM_PANCHAYAT,Ranni,റാന്നി,221744
Pathanamthitta,564,Ranni,റാന്നി,6375,GRAM_PANCHAYAT,Ranni Angadi,റാന്നി അങ്ങാടി,221745
Pathanamthitta,564,Ranni,റാന്നി,6375,GRAM_PANCHAYAT,Ranni Pazhavangadi,റാന്നി പഴവങ്ങാടി,221746
Pathanamthitta,564,Ranni,റാന്നി,6375,GRAM_PANCHAYAT,Ranni Perunad,റാന്നി പെരുനാട്,221747
Ernakulam,555,Koovappady,കൂവപ്പടി,6275,GRAM_PANCHAYAT,Rayamangalam,രായമംഗലം,221060
Idukki,556,Devikulam,ദേവികുളം,6288,GRAM_PANCHAYAT,Santhanpara,ശാന്തൻപാറ,221141
Kollam,559,Sasthamcottah,ശാസ്താംകോട്ട,6316,GRAM_PANCHAYAT,Sasthancotta,ശാസ്താംകോട്ട,221353
Pathanamthitta,564,Ranni,റാന്നി,6375,GRAM_PANCHAYAT,Seethathodu,സീതത്തോട്,221748
Idukki,556,Nedumkandom,നെടങ്കണ്ടം,6292,GRAM_PANCHAYAT,Senapathy,സേനാപതി,221168
Palakkad,563,Attappadi,അട്ടപ്പാടി,6356,GRAM_PANCHAYAT,Sholayar,ഷോളയൂർ,221617
Kollam,559,Sasthamcottah,ശാസ്താംകോട്ട,6316,GRAM_PANCHAYAT,Sooranad North,ശൂരനാട് നോർത്ത്,221354
Kollam,559,Sasthamcottah,ശാസ്താംകോട്ട,6316,GRAM_PANCHAYAT,Sooranad South,ശൂരനാട് സൗത്ത്,221355
Palakkad,563,Sreekrishnapuram,ശ്രീകൃഷ്ണപുരം,6366,GRAM_PANCHAYAT,Sreekrishnapuram,ശ്രീകൃഷ്ണപുരം,221687
Ernakulam,555,Parakkadav,പാറക്കടവ്,6281,GRAM_PANCHAYAT,Sreemoolanagaram,ശ്രീമൂലനഗരം,221052
Thrissur,566,Mathilakam,മതിലകം,6395,GRAM_PANCHAYAT,Sree Narayanapuram,ശ്രീനാരായണപുരം,221871
Palakkad,563,Mannarkad,മണ്ണാർക്കാട്,6361,GRAM_PANCHAYAT,Tachampara,തച്ചമ്പാറ,221651
Malappuram,562,Tanur,താനൂർ,6350,GRAM_PANCHAYAT,Tanalur,താനാളൂർ,221574
Palakkad,563,Alathur,ആലത്തൂർ,6355,GRAM_PANCHAYAT,Tarur,തരൂർ,221612
Malappuram,562,Ponnani,പൊന്നാനി,6349,GRAM_PANCHAYAT,Tavanur,തവനൂർ,221567
Kottayam,560,Erattupetta,ഈരാറ്റുപേട്ട,6318,GRAM_PANCHAYAT,Teekoy,തീക്കോയി,221368
Palakkad,563,Mannarkad,മണ്ണാർക്കാട്,6361,GRAM_PANCHAYAT,Thachanattukara,തച്ചനാട്ടുകര,221652
Alappuzha,554,Thycattussery,തൈക്കാട്ടുശ്ശേരി,6270,GRAM_PANCHAYAT,Thaicattussery,തൈക്കാട്ടുശ്ശേരി,221034
Alappuzha,554,Champakulam,ചമ്പക്കുളം,6263,GRAM_PANCHAYAT,Thakazhi,തകഴി,220986
Malappuram,562,Tirur,തിരൂർ,6351,GRAM_PANCHAYAT,Thalakkad,തലക്കാട്,221579
Kozhikode,561,Chelannur,ചേളന്നൂര്&zwj;,6330,GRAM_PANCHAYAT,Thalakulathur,തലക്കുളത്തൂർ,221448
Kottayam,560,Erattupetta,ഈരാറ്റുപേട്ട,6318,GRAM_PANCHAYAT,Thalanad,തലനാട്,221369
Kottayam,560,Erattupetta,ഈരാറ്റുപേട്ട,6318,GRAM_PANCHAYAT,Thalappalam,തലപ്പലം,221370
Alappuzha,554,Champakulam,ചമ്പക്കുളം,6263,GRAM_PANCHAYAT,Thalavadi,തലവടി,220987
Kollam,559,Pathanapuram,പത്തനാപുരം,6315,GRAM_PANCHAYAT,Thalavoor,തലവൂർ,221349
Kottayam,560,Vaikom,വൈക്കം,6327,GRAM_PANCHAYAT,Thalayazham,തലയാഴം,221426
Kottayam,560,Kaduthuruthy,കടുത്തുരുത്തി,6320,GRAM_PANCHAYAT,Thalayolaparambu,തലയോലപ്പറമ്പ്,221382
Thrissur,566,Thalikkulam,തളിക്കുളം,6400,GRAM_PANCHAYAT,Thalikulam,തളിക്കുളം,221895
Kozhikode,561,Koduvally,കൊടുവള്ളി,6331,GRAM_PANCHAYAT,Thamarasseri,താമരശ്ശേരി,221455
Alappuzha,554,Kanjikkuzhy,കഞ്ഞിക്കുഴി,6266,GRAM_PANCHAYAT,Thanneermukkam,തണ്ണീർമുക്കം,221010
Pathanamthitta,564,Konni,കോന്നി,6370,GRAM_PANCHAYAT,Thannithodu,തണ്ണിത്തോട്,221715
Thrissur,566,Anthikkad,അന്തിക്കാട്,6387,GRAM_PANCHAYAT,Thanniyam,താന്ന്യം,221827
Wayanad,567,Kalpetta,കൽപ്പറ്റ,6403,GRAM_PANCHAYAT,Thariyode,തരിയോട്,221919
Wayanad,567,Mananthavady,മാനന്തവാടി,6404,GRAM_PANCHAYAT,Thavinhal,തവിഞ്ഞാൽ,221925
Alappuzha,554,Mavelikkara,മാവേലിക്കര,6267,GRAM_PANCHAYAT,Thazhakkara,തഴക്കര,221014
Kollam,559,Oachira,ഓച്ചിറ,6314,GRAM_PANCHAYAT,Thazhava,തഴവ,221344
Malappuram,562,Perinthalmanna,പെരിന്തൽമണ്ണ,6347,GRAM_PANCHAYAT,Thazhekode,താഴേക്കോട്,221559
Kollam,559,Chavara,ചവറ,6309,GRAM_PANCHAYAT,Thekkumbhagam,തെക്കുംഭാഗം,221315
Thrissur,566,Wadakkanchery,വടക്കാഞ്ചേരി,6402,GRAM_PANCHAYAT,Thekkumkara,തെക്കുംകര,221908
Malappuram,562,Tirurangadi,തിരൂരങ്ങാടി,6352,GRAM_PANCHAYAT,Thenhippalam,തേഞ്ഞിപ്പലം,221587
Palakkad,563,Mannarkad,മണ്ണാർക്കാട്,6361,GRAM_PANCHAYAT,Thenkara,തെങ്കര,221653
Palakkad,563,Kuzhalmannam,കുഴൽമന്ദം,6359,GRAM_PANCHAYAT,Thenkurissi,തേൻകുറിശ്ശി,221635
Kollam,559,Anchal,അഞ്ചല്&zwj;,6307,GRAM_PANCHAYAT,Thenmala,തെന്മല,221302
Malappuram,562,Vengara,വേങ്ങര,6353,GRAM_PANCHAYAT,Thennala,തെന്നല,221595
Kollam,559,Chavara,ചവറ,6309,GRAM_PANCHAYAT,Thevalakkara,തേവലക്കര,221316
Kottayam,560,Erattupetta,ഈരാറ്റുപേട്ട,6318,GRAM_PANCHAYAT,Thidanad,തിടനാട്,221371
Kozhikode,561,Melday,മേലടി,6335,GRAM_PANCHAYAT,Thikkodi,തിക്കൊടി,221482
Kannur,557,Iritty,ഇരിട്ടി,6296,GRAM_PANCHAYAT,Thillankeri,തില്ലങ്കരി,221201
Ernakulam,555,Pampakuda,പാമ്പാക്കുട,6280,GRAM_PANCHAYAT,Thirumarady,തിരുമാറാടി,221094
Palakkad,563,Trithala,തൃത്താല,6367,GRAM_PANCHAYAT,Thirumittacode,തിരുമിറ്റക്കോട്,221695
Malappuram,562,Tirur,തിരൂർ,6351,GRAM_PANCHAYAT,Thirunavaya,തിരുനാവായ,221580
Wayanad,567,Mananthavady,മാനന്തവാടി,6404,GRAM_PANCHAYAT,Thirunelly,തിരുനെല്ലി,221926
Thiruvananthapuram,565,Parassala,പാറശ്ശാല,6382,GRAM_PANCHAYAT,Thirupuram,തിരുപുറം,221792
Malappuram,562,Wandoor,വണ്ടൂര്&zwj;,6354,GRAM_PANCHAYAT,Thiruvali,തിരുവാലി,221602
Kozhikode,561,Thodannur,തോടന്നൂർ,6338,GRAM_PANCHAYAT,Thiruvallur,തിരുവള്ളൂർ,221497
Kozhikode,561,Koduvally,കൊടുവള്ളി,6331,GRAM_PANCHAYAT,Thiruvambadi,തിരുവമ്പാടി,221456
Ernakulam,555,Vadavucode,വടവുകോട്,6283,GRAM_PANCHAYAT,Thiruvaniyoor,തിരുവാണിയൂർ,221109
Alappuzha,554,Chengannur,ചെങ്ങന്നൂർ,6264,GRAM_PANCHAYAT,Thiruvanvandur,തിരുവൻവണ്ട‍ൂർ,220995
Kottayam,560,Ettumanoor,ഏറ്റുമാനൂർ,6319,GRAM_PANCHAYAT,Thiruvarpu,തിരുവാർപ്പ്,221408
Palakkad,563,Pattambi,പട്ടാമ്പി,6365,GRAM_PANCHAYAT,Thiruvegapuram,തിരുവേഗപ്പുറ,221680
Thrissur,566,Pazhayannur,പഴയന്നൂര്&zwj;,6398,GRAM_PANCHAYAT,Thiruvilwamala,തിരുവില്വാമല,221885
Kollam,559,Oachira,ഓച്ചിറ,6314,GRAM_PANCHAYAT,Thodiyoor,തൊടിയൂർ,221330
Thiruvananthapuram,565,Vellanad,വെള്ളനാട്,6386,GRAM_PANCHAYAT,Tholicode,തൊളിക്കോട്,221820
Thrissur,566,Puzhakkal,പുഴക്കല്&zwj;,6399,GRAM_PANCHAYAT,Tholur,തോളൂർ,221892
Wayanad,567,Mananthavady,മാനന്തവാടി,6404,GRAM_PANCHAYAT,Thondernad,തൊണ്ടർനാട്,221927
Pathanamthitta,564,Koipuram,കോയിപ്പുറം,6369,GRAM_PANCHAYAT,Thottapuzhassery,തോട്ടപ്പുഴശ്ശേരി,221709
Palakkad,563,Ottappalam,ഒറ്റപ്പാലം,6363,GRAM_PANCHAYAT,Thrikkadeeri,തൃക്കടീരി,221688
Kasaragod,558,Nileshwar,നീലേശ്വര്&zwj;,6306,GRAM_PANCHAYAT,Thrikkaripur,തൃക്കരിപ്പൂർ,221292
Kollam,559,Chittumala,ചിറ്റുമല,6310,GRAM_PANCHAYAT,Thrikkaruva,തൃക്കരുവ,221304
Kottayam,560,Madappally,മാടപ്പള്ളി,6323,GRAM_PANCHAYAT,Thrikkodithanam,തൃക്കൊടിത്താനം,221400
Kollam,559,Mukhathala,മുഖത്തല,6313,GRAM_PANCHAYAT,Thrikkovilvattom,തൃക്കോവിൽവട്ടം,221340
Alappuzha,554,Harippad,ഹരിപ്പാട്,6265,GRAM_PANCHAYAT,Thrikkunnapuzha,തൃക്കുന്നപ്പുഴ,221004
Palakkad,563,Trithala,തൃത്താല,6367,GRAM_PANCHAYAT,Thrithala,തൃത്താല,221696
Pathanamthitta,564,Pandlam,പന്തളം,6372,GRAM_PANCHAYAT,Thumpamon,തുമ്പമൺ,221729
Kozhikode,561,Thuneri,തുണേരി,6339,GRAM_PANCHAYAT,Thuneri,തൂണേരി,221502
Alappuzha,554,Pattanakkad,പട്ടണക്കാട്,6269,GRAM_PANCHAYAT,Thuravoor,തുറവൂർ,221028
Ernakulam,555,Angamali,അങ്കമാലി,6273,GRAM_PANCHAYAT,Thuravoor,തുറവൂർ,221053
Kozhikode,561,Melday,മേലടി,6335,GRAM_PANCHAYAT,Thurayur,തുറയൂർ,221483
Malappuram,562,Kalikavu,കാളികാവ്,6881,GRAM_PANCHAYAT,Thuvvur,തുവ്വൂർ,221603
Malappuram,562,Wandoor,വണ്ടൂര്&zwj;,6354,GRAM_PANCHAYAT,Trikkalangode,തൃക്കലങ്ങോട്,221604
Thrissur,566,Kodakara,കൊടകര,6393,GRAM_PANCHAYAT,Trikkur,തൃക്കൂർ,221858
Kannur,557,Kuthuparamba,കൂത്തുപറമ്പ,6298,GRAM_PANCHAYAT,Trippangottur,തൃപ്രങ്ങോട്ടൂർ,221214
Malappuram,562,Tirur,തിരൂർ,6351,GRAM_PANCHAYAT,Triprangode,തൃപ്പങ്ങോട്,221581
Kottayam,560,Vaikom,വൈക്കം,6327,GRAM_PANCHAYAT,Tv Puram,ടി.വി.പുരം,221427
Kannur,557,Taliparamba,തളിപ്പറമ്പ,6301,GRAM_PANCHAYAT,Udayagiri,ഉദയഗിരി,221247
Ernakulam,555,Mulanthuruthy,മുളന്തുരുത്തി,6277,GRAM_PANCHAYAT,Udayamperur,ഉദയംപേരൂർ,221076
Kottayam,560,Vaikom,വൈക്കം,6327,GRAM_PANCHAYAT,Udayanapuram,ഉദയനാപുരം,221428
Kasaragod,558,Kanhangad,കാഞ്ഞങ്ങാട്,6303,GRAM_PANCHAYAT,Udma,ഉദുമ,221265
Idukki,556,Nedumkandom,നെടങ്കണ്ടം,6292,GRAM_PANCHAYAT,Udumbanchola,ഉടുമ്പന്&zwj;ചോല,221169
Idukki,556,Elemdesam,ഇളംദേശം,6289,GRAM_PANCHAYAT,Udumbanoor,ഉടുമ്പന്നൂർ,221147
Kannur,557,Irikkur,ഇരിക്കൂര്&zwj;,6295,GRAM_PANCHAYAT,Ulikkal,ഉളിക്കല്&zwj;,221194
Kozhikode,561,Balusseri,ബാലുശ്ശേരി,6329,GRAM_PANCHAYAT,Uliyeri,ഉളിയേരി,221441
Kollam,559,Vettikkavala,വെട്ടിക്കവല,6317,GRAM_PANCHAYAT,Ummannur,ഉമ്മന്നൂർ,221361
Kozhikode,561,Balusseri,ബാലുശ്ശേരി,6329,GRAM_PANCHAYAT,Unnikulum,ഉണ്ണിക്കുളം,221442
Idukki,556,Kattappana,കട്ടപ്പന,6291,GRAM_PANCHAYAT,Upputhara,ഉപ്പുതറ,221161
Malappuram,562,Vengara,വേങ്ങര,6353,GRAM_PANCHAYAT,Urakam,ഊരകം,221534
Malappuram,562,Areakode,അരീക്കോട്,6341,GRAM_PANCHAYAT,Urungattiri,ഉറങ്ങാട്ടിരി,221515
Thiruvananthapuram,565,Vellanad,വെള്ളനാട്,6386,GRAM_PANCHAYAT,Uzhamalackal,ഉഴമലയ്ക്കൽ,221821
Kottayam,560,Uzhavoor,ഉഴവൂർ,6326,GRAM_PANCHAYAT,Uzhavoor,ഉഴവൂർ,221422
Palakkad,563,Chittur,ചിറ്റൂർ,6357,GRAM_PANCHAYAT,Vadakarapathy,വടകരപ്പതി,221623
Palakkad,563,Alathur,ആലത്തൂർ,6355,GRAM_PANCHAYAT,Vadakkancheri,വടക്കഞ്ചേരി,221613
Ernakulam,555,Paravur,പറവൂർ,6282,GRAM_PANCHAYAT,Vadakkekara,വടക്കേക്കര,221104
Thrissur,566,Thalikkulam,തളിക്കുളം,6400,GRAM_PANCHAYAT,Vadanappilly,വാടാനപ്പള്ളി,221896
Pathanamthitta,564,Ranni,റാന്നി,6375,GRAM_PANCHAYAT,Vadasserikkara,വടശ്ശേരിക്കര,221749
Palakkad,563,Kollengode,കൊല്ലങ്കോട്,6358,GRAM_PANCHAYAT,Vadavannur,വടവന്നൂർ,221628
Ernakulam,555,Vadavucode,വടവുകോട്,6283,GRAM_PANCHAYAT,Vadavucode Puthen Cruz,വടവുകോട് പുത്തൻകുരിശ്,221110
Thrissur,566,Chavakkad,ചാവക്കാട്,6389,GRAM_PANCHAYAT,Vadekkekad,വടക്കേക്കാട്,221838
Kottayam,560,Madappally,മാടപ്പള്ളി,6323,GRAM_PANCHAYAT,Vakathanam,വാകത്താനം,221401
Thiruvananthapuram,565,Chirayinkeezhu,ചിറയിന്&zwj;കീഴ്,6377,GRAM_PANCHAYAT,Vakkom,വക്കം,221762
Ernakulam,555,Muvattupuzha,മുവ്വാറ്റുപുഴ,6278,GRAM_PANCHAYAT,Valakom,വാളകം,221084
Kannur,557,Kannur,കണ്ണൂർ,6297,GRAM_PANCHAYAT,Valapattanam,വളപ്പട്ടണം,221206
Thrissur,566,Thalikkulam,തളിക്കുളം,6400,GRAM_PANCHAYAT,Valappad,വലപ്പാട്,221897
Malappuram,562,Tanur,താനൂർ,6350,GRAM_PANCHAYAT,Valavannur,വളവന്നൂർ,221576
Kozhikode,561,Thuneri,തുണേരി,6339,GRAM_PANCHAYAT,Valayam,വളയം,221503
Kasaragod,558,Nileshwar,നീലേശ്വര്&zwj;,6306,GRAM_PANCHAYAT,Valiyaparamba,വലിയപറമ്പ,221293
Thrissur,566,Cherpu,ചേര്&zwj;പ്പ്,6390,GRAM_PANCHAYAT,Vallachira,വല്ലച്ചിറ,221842
Palakkad,563,Ottappalam,ഒറ്റപ്പാലം,6363,GRAM_PANCHAYAT,Vallapuzha,വല്ലപ്പുഴ,221681
Thrissur,566,Pazhayannur,പഴയന്നൂര്&zwj;,6398,GRAM_PANCHAYAT,Vallathol Nagar,വള്ളത്തോൾ നഗർ,221886
Pathanamthitta,564,Konni,കോന്നി,6370,GRAM_PANCHAYAT,Vallicode,വള്ളിക്കോട്,221716
Malappuram,562,Tirurangadi,തിരൂരങ്ങാടി,6352,GRAM_PANCHAYAT,Vallikkunnu,വള്ളിക്കുന്ന്,221589
Alappuzha,554,Bharanicavu,ഭരണിക്കാവ്,6262,GRAM_PANCHAYAT,Vallikunnam,വള്ളികുന്നം,220981
Thiruvananthapuram,565,Vamanapuram,വാമനപുരം,6384,GRAM_PANCHAYAT,Vamanapuram,വാമനപുരം,221808
Palakkad,563,Nemmara,നെൻമാറ,6362,GRAM_PANCHAYAT,Vandazhy,വണ്ടാഴി,221614
Idukki,556,Kattappana,കട്ടപ്പന,6291,GRAM_PANCHAYAT,Vandenmedu,വണ്ടൻമേട്,221162
Idukki,556,Azhutha,അഴുത,6287,GRAM_PANCHAYAT,Vandiperiyar,വണ്ടിപ്പെരിയാർ,221135
Palakkad,563,Ottappalam,ഒറ്റപ്പാലം,6363,GRAM_PANCHAYAT,Vaniamkulam,വാണിയംകുളം,221664
Kozhikode,561,Thuneri,തുണേരി,6339,GRAM_PANCHAYAT,Vanimel,വാണിമേൽ,221504
Idukki,556,Elemdesam,ഇളംദേശം,6289,GRAM_PANCHAYAT,Vannapuram,വണ്ണപുരം,221148
Thrissur,566,Kodakara,കൊടകര,6393,GRAM_PANCHAYAT,Varandarappilly,വരന്തരപ്പിള്ളി,221859
Ernakulam,555,Kothamangalam,കോതമംഗലം,6276,GRAM_PANCHAYAT,Varappetty,വാരപ്പെട്ടി,221071
Ernakulam,555,Alangad,ആലങ്ങാട്,6272,GRAM_PANCHAYAT,Varapuzha,വരാപ്പുഴ,221044
Thrissur,566,Wadakkanchery,വടക്കാഞ്ചേരി,6402,GRAM_PANCHAYAT,Varavoor,വരവൂർ,221909
Idukki,556,Idukki,ഇടുക്കി,6290,GRAM_PANCHAYAT,Vathikudy,വാത്തിക്കുടി,221154
Malappuram,562,Ponnani,പൊന്നാനി,6349,GRAM_PANCHAYAT,Vattamkulam,വട്ടംകുളം,221568
Idukki,556,Devikulam,ദേവികുളം,6288,GRAM_PANCHAYAT,Vattavada,വട്ടവട,221142
Alappuzha,554,Pattanakkad,പട്ടണക്കാട്,6269,GRAM_PANCHAYAT,Vayalar,വയലാർ,221029
Malappuram,562,Kondotty,കൊണ്ടോട്ടി,6342,GRAM_PANCHAYAT,Vazhakkad,വാഴക്കാട്,221522
Ernakulam,555,Vazhakkulam,വാഴക്കുളം,6284,GRAM_PANCHAYAT,Vazhakkulam,വാഴക്കുളം,221115
Kottayam,560,Madappally,മാടപ്പള്ളി,6323,GRAM_PANCHAYAT,Vazhappally,വാഴപ്പള്ളി,221402
Idukki,556,Idukki,ഇടുക്കി,6290,GRAM_PANCHAYAT,Vazhathope,വാഴത്തോപ്പ്,221155
Malappuram,562,Kondotty,കൊണ്ടോട്ടി,6342,GRAM_PANCHAYAT,Vazhayur,വാഴയൂര്&zwj;,221523
Malappuram,562,Nilambur,നിലമ്പൂർ,6346,GRAM_PANCHAYAT,Vazhikkadavu,വഴിക്കടവ്,221553
Kottayam,560,Vazhoor,വാഴൂർ,6328,GRAM_PANCHAYAT,Vazhoor,വാഴൂർ,221433
Kottayam,560,Vaikom,വൈക്കം,6327,GRAM_PANCHAYAT,Vechoor,വെച്ചൂർ,221429
Pathanamthitta,564,Ranni,റാന്നി,6375,GRAM_PANCHAYAT,Vechuchira,വെച്ചൂച്ചിറ,221750
Alappuzha,554,Harippad,ഹരിപ്പാട്,6265,GRAM_PANCHAYAT,Veeyapuram,വീയപുരം,221005
Kollam,559,Chadayamangalam,ചടയമംഗലം,6308,GRAM_PANCHAYAT,Velinallur,വെളിനല്ലൂർ,221311
Kollam,559,Kottarakkara,കൊട്ടാരക്കര,6312,GRAM_PANCHAYAT,Veliyam,വെളിയം,221336
Alappuzha,554,Veliyanad,വെളിയനാട്,6271,GRAM_PANCHAYAT,Veliyanad,വെളിയനാട്,221040
Malappuram,562,Perumpadappu,പെരുമ്പടപ്പ്,6348,GRAM_PANCHAYAT,Veliyancode,വെളിയൻകോട്,221565
Kottayam,560,Uzhavoor,ഉഴവൂർ,6326,GRAM_PANCHAYAT,Veliyannoor,വെളിയന്നൂർ,221423
Wayanad,567,Mananthavady,മാനന്തവാടി,6404,GRAM_PANCHAYAT,Vellamunda,വെള്ളമുണ്ട,221928
Thiruvananthapuram,565,Vellanad,വെള്ളനാട്,6386,GRAM_PANCHAYAT,Vellanad,വെള്ളനാട്,221822
Thrissur,566,Vellangallur,വെള്ളാങ്ങല്ലൂര്&zwj;,6401,GRAM_PANCHAYAT,Vellangallur,വെള്ളാങ്ങല്ലൂർ,221901
Thiruvananthapuram,565,Perumkadavila,പെരുങ്കടവിള,6383,GRAM_PANCHAYAT,Vellarada,വെള്ളറട,221800
Idukki,556,Adimaly,അടിമാലി,6286,GRAM_PANCHAYAT,Vellathooval,വെള്ളത്തൂവൽ,221129
Kottayam,560,Vazhoor,വാഴൂർ,6328,GRAM_PANCHAYAT,Vellavoor,വെള്ളാവൂർ,221434
Palakkad,563,Sreekrishnapuram,ശ്രീകൃഷ്ണപുരം,6366,GRAM_PANCHAYAT,Vellinezhi,വെള്ളിനേഴി,221689
Idukki,556,Elemdesam,ഇളംദേശം,6289,GRAM_PANCHAYAT,Velliyamattom,വെളിയാമറ്റം,221149
Thrissur,566,Vellangallur,വെള്ളാങ്ങല്ലൂര്&zwj;,6401,GRAM_PANCHAYAT,Vellookkara,വേളൂക്കര,221902
Kottayam,560,Kaduthuruthy,കടുത്തുരുത്തി,6320,GRAM_PANCHAYAT,Velloor,വെള്ളൂര്&zwj;,221383
Kozhikode,561,Kunnummal,കുന്നുമ്മൽ,6334,GRAM_PANCHAYAT,Velom,വേളം,221478
Thrissur,566,Chowannur,ചൊവ്വന്നൂര്&zwj;,6391,GRAM_PANCHAYAT,Velur,വേലൂര്&zwj;,221910
Thiruvananthapuram,565,Nedumangad,നെടുമങ്ങാട്,6380,GRAM_PANCHAYAT,Vembayam,വെമ്പായം,221779
Kannur,557,Thalassery,തലശ്ശേരി,6302,GRAM_PANCHAYAT,Vengad,വേങ്ങാട്,221215
Thiruvananthapuram,565,Athiyannoor,അതിയന്നൂര്&zwj;,6376,GRAM_PANCHAYAT,Venganoor,വെങ്ങാനൂർ,221755
Wayanad,567,Kalpetta,കൽപ്പറ്റ,6403,GRAM_PANCHAYAT,Vengappally,വേങ്ങപ്പള്ളി,221920
Malappuram,562,Vengara,വേങ്ങര,6353,GRAM_PANCHAYAT,Vengara,വേങ്ങര,221596
Ernakulam,555,Vazhakkulam,വാഴക്കുളം,6284,GRAM_PANCHAYAT,Vengola,വെങ്ങോല,221116
Ernakulam,555,Koovappady,കൂവപ്പടി,6275,GRAM_PANCHAYAT,Vengoor,വേങ്ങൂർ,221061
Thrissur,566,Mullassery,മുല്ലശ്ശേരി,6396,GRAM_PANCHAYAT,Venkitangu,വെങ്കിടങ്ങ്,221875
Alappuzha,554,Chengannur,ചെങ്ങന്നൂർ,6264,GRAM_PANCHAYAT,Venmony,വെണ്മണി,220996
Malappuram,562,Perinthalmanna,പെരിന്തൽമണ്ണ,6347,GRAM_PANCHAYAT,Vettathur,വെട്ടത്തൂർ,221560
Kollam,559,Vettikkavala,വെട്ടിക്കവല,6317,GRAM_PANCHAYAT,Vettikkavala,വെട്ടിക്കവല,221362
Malappuram,562,Tirur,തിരൂർ,6351,GRAM_PANCHAYAT,Vettom,വെട്ടം,221582
Thiruvananthapuram,565,Varkala,വര്&zwj;ക്കല,6385,GRAM_PANCHAYAT,Vettoor,വെട്ടൂര്&zwj;,221815
Kottayam,560,Pallom,പള്ളം,6324,GRAM_PANCHAYAT,Vijayapuram,വിജയപുരം,221409
Kollam,559,Pathanapuram,പത്തനാപുരം,6315,GRAM_PANCHAYAT,Vilakudy,വിളക്കുടി,221350
Thiruvananthapuram,565,Nemom,നേമം,6381,GRAM_PANCHAYAT,Vilappil,വിളപ്പില്&zwj;,221785
Thiruvananthapuram,565,Nemom,നേമം,6381,GRAM_PANCHAYAT,Vilavoorkkal,വിളവൂര്&zwj;ക്കല്&zwj;,221786
Palakkad,563,Pattambi,പട്ടാമ്പി,6365,GRAM_PANCHAYAT,Vilayur,വിളയൂര്&zwj;,221682
Kozhikode,561,Thodannur,തോടന്നൂർ,6338,GRAM_PANCHAYAT,Villiyappally,വില്യാപ്പള്ളി,221498
Thiruvananthapuram,565,Vellanad,വെള്ളനാട്,6386,GRAM_PANCHAYAT,Vithura,വിതുര,221823
Kasaragod,558,Manjeshwar,മഞ്ചേശ്വര്&zwj;,6305,GRAM_PANCHAYAT,Vorkady,വോര്&zwj;ക്കാടി,221285
Wayanad,567,Kalpetta,കൽപ്പറ്റ,6403,GRAM_PANCHAYAT,Vythiri,വൈത്തിരി,221921
Malappuram,562,Wandoor,വണ്ടൂര്&zwj;,6354,GRAM_PANCHAYAT,Wandoor,വണ്ടൂർ,221605
Kasaragod,558,Parappa,പരപ്പ,6885,GRAM_PANCHAYAT,West Eleri,വെസ്റ്റ് എളേരി,221294
Kollam,559,Sasthamcottah,ശാസ്താംകോട്ട,6316,GRAM_PANCHAYAT,West Kallada,വെസ്റ്റ് കല്ലട,221356
